-65.0 -70.0   0.0 35.10035 -120.55757  3.17
-40.0 -70.0   0.0 35.24515 -120.34627  4.24
-25.0 -70.0   0.0 35.33203 -120.21930  3.45
-15.0 -70.0   0.0 35.38995 -120.13458  2.69
 -8.0 -70.0   0.0 35.43049 -120.07524  2.86
 -3.0 -70.0   0.0 35.45945 -120.03284  2.55
 -1.0 -70.0   0.0 35.47103 -120.01587  2.60
  1.0 -70.0   0.0 35.48262 -119.99890  2.93
  5.0 -70.0   0.0 35.50578 -119.96496  2.86
 10.0 -70.0   0.0 35.53474 -119.92252  2.84
 17.0 -70.0   0.0 35.57529 -119.86307  2.57
 24.0 -70.0   0.0 35.61583 -119.80359  2.46
 27.0 -70.0   0.0 35.63321 -119.77809  2.49
 30.0 -70.0   0.0 35.65058 -119.75259  2.49
 33.0 -70.0   0.0 35.66796 -119.72708  2.47
 38.0 -70.0   0.0 35.69692 -119.68455  2.44
 45.0 -70.0   0.0 35.73746 -119.62498  1.85
 65.0 -70.0   0.0 35.85330 -119.45462  2.06
-65.0 -50.0   0.0 35.23840 -120.69949  3.33
-40.0 -50.0   0.0 35.38320 -120.48813  4.49
-25.0 -50.0   0.0 35.47008 -120.36113  3.55
-15.0 -50.0   0.0 35.52800 -120.27639  2.55
 -8.0 -50.0   0.0 35.56854 -120.21703  2.69
 -3.0 -50.0   0.0 35.59750 -120.17462  3.00
 -1.0 -50.0   0.0 35.60908 -120.15765  3.04
  1.0 -50.0   0.0 35.62067 -120.14068  3.07
  5.0 -50.0   0.0 35.64383 -120.10672  3.04
 10.0 -50.0   0.0 35.67279 -120.06427  3.03
 17.0 -50.0   0.0 35.71334 -120.00481  2.28
 24.0 -50.0   0.0 35.75388 -119.94531  1.95
 27.0 -50.0   0.0 35.77126 -119.91981  2.49
 30.0 -50.0   0.0 35.78863 -119.89429  2.29
 33.0 -50.0   0.0 35.80601 -119.86878  2.47
 38.0 -50.0   0.0 35.83497 -119.82624  2.44
 45.0 -50.0   0.0 35.87551 -119.76665  2.42
 65.0 -50.0   0.0 35.99135 -119.59625  2.17
-65.0 -40.0   0.0 35.30743 -120.77054  3.41
-40.0 -40.0   0.0 35.45222 -120.55915  5.18
-25.0 -40.0   0.0 35.53910 -120.43214  3.59
-15.0 -40.0   0.0 35.59702 -120.34738  2.50
 -8.0 -40.0   0.0 35.63756 -120.28802  2.89
 -3.0 -40.0   0.0 35.66652 -120.24560  3.30
 -1.0 -40.0   0.0 35.67811 -120.22863  2.91
  1.0 -40.0   0.0 35.68969 -120.21165  3.24
  5.0 -40.0   0.0 35.71286 -120.17770  3.34
 10.0 -40.0   0.0 35.74182 -120.13524  3.61
 17.0 -40.0   0.0 35.78236 -120.07577  2.47
 24.0 -40.0   0.0 35.82291 -120.01627  2.27
 27.0 -40.0   0.0 35.84028 -119.99076  2.54
 30.0 -40.0   0.0 35.85766 -119.96524  2.77
 33.0 -40.0   0.0 35.87503 -119.93972  2.44
 38.0 -40.0   0.0 35.90399 -119.89717  2.41
 45.0 -40.0   0.0 35.94453 -119.83758  2.37
 65.0 -40.0   0.0 36.06037 -119.66715  2.16
-65.0 -30.0   0.0 35.37645 -120.84165  3.77
-40.0 -30.0   0.0 35.52125 -120.63023  3.63
-25.0 -30.0   0.0 35.60813 -120.50320  3.33
-15.0 -30.0   0.0 35.66605 -120.41844  2.42
 -8.0 -30.0   0.0 35.70659 -120.35907  2.88
 -3.0 -30.0   0.0 35.73555 -120.31664  3.23
 -1.0 -30.0   0.0 35.74713 -120.29967  3.02
  1.0 -30.0   0.0 35.75872 -120.28269  3.24
  5.0 -30.0   0.0 35.78188 -120.24873  3.46
 10.0 -30.0   0.0 35.81084 -120.20627  3.94
 17.0 -30.0   0.0 35.85139 -120.14679  2.65
 24.0 -30.0   0.0 35.89193 -120.08728  2.64
 27.0 -30.0   0.0 35.90931 -120.06177  2.58
 30.0 -30.0   0.0 35.92668 -120.03625  2.26
 33.0 -30.0   0.0 35.94406 -120.01072  2.41
 38.0 -30.0   0.0 35.97302 -119.96817  2.38
 45.0 -30.0   0.0 36.01356 -119.90857  2.32
 65.0 -30.0   0.0 36.12940 -119.73812  2.14
-65.0 -21.0   0.0 35.43857 -120.90570  3.01
-40.0 -21.0   0.0 35.58337 -120.69426  2.60
-25.0 -21.0   0.0 35.67025 -120.56722  2.18
-15.0 -21.0   0.0 35.72817 -120.48244  2.02
 -8.0 -21.0   0.0 35.76871 -120.42307  2.46
 -3.0 -21.0   0.0 35.79767 -120.38064  2.56
 -1.0 -21.0   0.0 35.80926 -120.36366  2.91
  1.0 -21.0   0.0 35.82084 -120.34668  4.99
  5.0 -21.0   0.0 35.84401 -120.31271  3.90
 10.0 -21.0   0.0 35.87297 -120.27024  3.15
 17.0 -21.0   0.0 35.91351 -120.21076  2.78
 24.0 -21.0   0.0 35.95405 -120.15124  2.48
 27.0 -21.0   0.0 35.97143 -120.12573  2.33
 30.0 -21.0   0.0 35.98880 -120.10021  2.26
 33.0 -21.0   0.0 36.00618 -120.07468  2.30
 38.0 -21.0   0.0 36.03514 -120.03212  2.23
 45.0 -21.0   0.0 36.07568 -119.97251  2.17
 65.0 -21.0   0.0 36.19152 -119.80204  2.00
-65.0 -15.0   0.0 35.47999 -120.94842  3.72
-40.0 -15.0   0.0 35.62479 -120.73697  2.97
-25.0 -15.0   0.0 35.71167 -120.60992  2.42
-15.0 -15.0   0.0 35.76958 -120.52514  2.13
 -8.0 -15.0   0.0 35.81013 -120.46576  2.43
 -3.0 -15.0   0.0 35.83909 -120.42332  2.87
 -1.0 -15.0   0.0 35.85067 -120.40635  2.56
  1.0 -15.0   0.0 35.86225 -120.38937  3.59
  5.0 -15.0   0.0 35.88542 -120.35540  2.93
 10.0 -15.0   0.0 35.91438 -120.31292  2.72
 17.0 -15.0   0.0 35.95492 -120.25343  2.86
 24.0 -15.0   0.0 35.99547 -120.19391  2.27
 27.0 -15.0   0.0 36.01284 -120.16840  2.17
 30.0 -15.0   0.0 36.03022 -120.14287  2.16
 33.0 -15.0   0.0 36.04759 -120.11734  2.78
 38.0 -15.0   0.0 36.07655 -120.07478  2.64
 45.0 -15.0   0.0 36.11710 -120.01517  2.05
 65.0 -15.0   0.0 36.23294 -119.84468  1.94
-65.0  -9.0   0.0 35.52140 -120.99118  4.22
-40.0  -9.0   0.0 35.66620 -120.77971  3.08
-25.0  -9.0   0.0 35.75308 -120.65264  2.26
-15.0  -9.0   0.0 35.81100 -120.56786  2.07
 -8.0  -9.0   0.0 35.85154 -120.50847  2.68
 -3.0  -9.0   0.0 35.88050 -120.46604  3.13
 -1.0  -9.0   0.0 35.89209 -120.44906  2.40
  1.0  -9.0   0.0 35.90367 -120.43207  3.71
  5.0  -9.0   0.0 35.92684 -120.39810  3.42
 10.0  -9.0   0.0 35.95580 -120.35563  2.84
 17.0  -9.0   0.0 35.99634 -120.29613  2.94
 24.0  -9.0   0.0 36.03688 -120.23661  2.17
 27.0  -9.0   0.0 36.05426 -120.21109  1.90
 30.0  -9.0   0.0 36.07163 -120.18556  2.07
 33.0  -9.0   0.0 36.08901 -120.16003  2.11
 38.0  -9.0   0.0 36.11797 -120.11747  2.06
 45.0  -9.0   0.0 36.15851 -120.05785  1.79
 65.0  -9.0   0.0 36.27435 -119.88735  1.87
-65.0  -3.0   0.0 35.56282 -121.03395  4.30
-40.0  -3.0   0.0 35.70762 -120.82246  3.74
-25.0  -3.0   0.0 35.79450 -120.69539  2.18
-15.0  -3.0   0.0 35.85241 -120.61060  1.78
 -8.0  -3.0   0.0 35.89296 -120.55121  3.15
 -3.0  -3.0   0.0 35.92192 -120.50877  4.72
 -1.0  -3.0   0.0 35.93350 -120.49179  2.38
  1.0  -3.0   0.0 35.94508 -120.47480  2.70
  5.0  -3.0   0.0 35.96825 -120.44083  3.65
 10.0  -3.0   0.0 35.99721 -120.39835  2.70
 17.0  -3.0   0.0 36.03775 -120.33885  3.00
 24.0  -3.0   0.0 36.07830 -120.27932  2.29
 27.0  -3.0   0.0 36.09567 -120.25380  2.07
 30.0  -3.0   0.0 36.11305 -120.22827  2.17
 33.0  -3.0   0.0 36.13042 -120.20274  2.19
 38.0  -3.0   0.0 36.15938 -120.16017  2.12
 45.0  -3.0   0.0 36.19993 -120.10055  1.79
 65.0  -3.0   0.0 36.31577 -119.93004  1.89
-65.0   3.0   0.0 35.60423 -121.07674  3.27
-40.0   3.0   0.0 35.74903 -120.86524  3.22
-25.0   3.0   0.0 35.83591 -120.73816  2.24
-15.0   3.0   0.0 35.89383 -120.65336  1.79
 -8.0   3.0   0.0 35.93437 -120.59397  3.77
 -3.0   3.0   0.0 35.96333 -120.55152  3.69
 -1.0   3.0   0.0 35.97492 -120.53454  2.95
  1.0   3.0   0.0 35.98650 -120.51756  2.91
  5.0   3.0   0.0 36.00967 -120.48358  3.11
 10.0   3.0   0.0 36.03863 -120.44110  2.17
 17.0   3.0   0.0 36.07917 -120.38159  2.54
 24.0   3.0   0.0 36.11971 -120.32206  1.83
 27.0   3.0   0.0 36.13709 -120.29654  2.25
 30.0   3.0   0.0 36.15446 -120.27101  2.17
 33.0   3.0   0.0 36.17184 -120.24547  2.23
 38.0   3.0   0.0 36.20080 -120.20290  2.21
 45.0   3.0   0.0 36.24134 -120.14327  1.99
 65.0   3.0   0.0 36.35718 -119.97275  2.12
-65.0   9.0   0.0 35.64565 -121.11956  2.62
-40.0   9.0   0.0 35.79045 -120.90804  2.80
-25.0   9.0   0.0 35.87733 -120.78095  2.34
-15.0   9.0   0.0 35.93524 -120.69615  2.29
 -8.0   9.0   0.0 35.97579 -120.63675  4.05
 -3.0   9.0   0.0 36.00475 -120.59430  4.61
 -1.0   9.0   0.0 36.01633 -120.57732  3.41
  1.0   9.0   0.0 36.02791 -120.56033  2.91
  5.0   9.0   0.0 36.05108 -120.52635  2.63
 10.0   9.0   0.0 36.08004 -120.48387  4.04
 17.0   9.0   0.0 36.12058 -120.42436  3.37
 24.0   9.0   0.0 36.16113 -120.36482  2.83
 27.0   9.0   0.0 36.17850 -120.33929  2.30
 30.0   9.0   0.0 36.19588 -120.31376  1.99
 33.0   9.0   0.0 36.21325 -120.28822  2.28
 38.0   9.0   0.0 36.24221 -120.24565  2.33
 45.0   9.0   0.0 36.28276 -120.18602  2.36
 65.0   9.0   0.0 36.39860 -120.01548  2.23
-65.0  15.0   0.0 35.68706 -121.16240  2.57
-40.0  15.0   0.0 35.83186 -120.95087  2.67
-25.0  15.0   0.0 35.91874 -120.82377  2.24
-15.0  15.0   0.0 35.97666 -120.73895  2.16
 -8.0  15.0   0.0 36.01720 -120.67955  3.99
 -3.0  15.0   0.0 36.04616 -120.63710  3.71
 -1.0  15.0   0.0 36.05775 -120.62012  2.97
  1.0  15.0   0.0 36.06933 -120.60313  3.32
  5.0  15.0   0.0 36.09250 -120.56915  3.42
 10.0  15.0   0.0 36.12146 -120.52666  2.86
 17.0  15.0   0.0 36.16200 -120.46714  3.21
 24.0  15.0   0.0 36.20254 -120.40760  3.00
 27.0  15.0   0.0 36.21992 -120.38207  2.29
 30.0  15.0   0.0 36.23729 -120.35654  2.31
 33.0  15.0   0.0 36.25467 -120.33100  3.20
 38.0  15.0   0.0 36.28363 -120.28842  2.89
 45.0  15.0   0.0 36.32417 -120.22879  2.45
 65.0  15.0   0.0 36.44001 -120.05823  2.28
-65.0  21.0   0.0 35.72848 -121.20526  2.96
-40.0  21.0   0.0 35.87328 -120.99371  3.26
-25.0  21.0   0.0 35.96016 -120.86660  3.36
-15.0  21.0   0.0 36.01807 -120.78178  2.74
 -8.0  21.0   0.0 36.05862 -120.72238  3.17
 -3.0  21.0   0.0 36.08758 -120.67992  2.95
 -1.0  21.0   0.0 36.09916 -120.66294  2.48
  1.0  21.0   0.0 36.11074 -120.64595  2.40
  5.0  21.0   0.0 36.13391 -120.61196  2.39
 10.0  21.0   0.0 36.16287 -120.56947  2.68
 17.0  21.0   0.0 36.20341 -120.50995  3.62
 24.0  21.0   0.0 36.24396 -120.45040  3.96
 27.0  21.0   0.0 36.26133 -120.42487  3.28
 30.0  21.0   0.0 36.27871 -120.39934  2.94
 33.0  21.0   0.0 36.29608 -120.37380  3.69
 38.0  21.0   0.0 36.32504 -120.33122  2.80
 45.0  21.0   0.0 36.36559 -120.27158  2.42
 65.0  21.0   0.0 36.48143 -120.10101  2.20
-65.0  30.0   0.0 35.79060 -121.26959  2.92
-40.0  30.0   0.0 35.93540 -121.05802  2.60
-25.0  30.0   0.0 36.02228 -120.93090  3.66
-15.0  30.0   0.0 36.08020 -120.84607  3.25
 -8.0  30.0   0.0 36.12074 -120.78665  3.10
 -3.0  30.0   0.0 36.14970 -120.74420  2.96
 -1.0  30.0   0.0 36.16128 -120.72721  3.10
  1.0  30.0   0.0 36.17287 -120.71022  2.50
  5.0  30.0   0.0 36.19603 -120.67623  2.34
 10.0  30.0   0.0 36.22499 -120.63373  2.83
 17.0  30.0   0.0 36.26554 -120.57421  4.23
 24.0  30.0   0.0 36.30608 -120.51465  3.69
 27.0  30.0   0.0 36.32346 -120.48912  3.31
 30.0  30.0   0.0 36.34083 -120.46358  3.03
 33.0  30.0   0.0 36.35821 -120.43804  2.88
 38.0  30.0   0.0 36.38717 -120.39545  2.42
 45.0  30.0   0.0 36.42771 -120.33580  2.85
 65.0  30.0   0.0 36.54355 -120.16522  2.35
-65.0  40.0   0.0 35.85963 -121.34113  3.11
-40.0  40.0   0.0 36.00442 -121.12954  2.88
-25.0  40.0   0.0 36.09130 -121.00240  2.60
-15.0  40.0   0.0 36.14922 -120.91756  2.60
 -8.0  40.0   0.0 36.18977 -120.85814  2.66
 -3.0  40.0   0.0 36.21872 -120.81567  3.19
 -1.0  40.0   0.0 36.23031 -120.79868  3.44
  1.0  40.0   0.0 36.24189 -120.78169  2.44
  5.0  40.0   0.0 36.26506 -120.74770  2.81
 10.0  40.0   0.0 36.29402 -120.70519  2.71
 17.0  40.0   0.0 36.33456 -120.64566  3.64
 24.0  40.0   0.0 36.37511 -120.58610  3.40
 27.0  40.0   0.0 36.39248 -120.56056  3.11
 30.0  40.0   0.0 36.40986 -120.53502  2.92
 33.0  40.0   0.0 36.42723 -120.50947  2.77
 38.0  40.0   0.0 36.45619 -120.46688  2.62
 45.0  40.0   0.0 36.49674 -120.40723  2.76
 65.0  40.0   0.0 36.61257 -120.23662  2.36
-65.0  50.0   0.0 35.92865 -121.41274  3.36
-40.0  50.0   0.0 36.07345 -121.20112  2.85
-25.0  50.0   0.0 36.16033 -121.07396  1.85
-15.0  50.0   0.0 36.21825 -120.98911  2.68
 -8.0  50.0   0.0 36.25879 -120.92968  2.58
 -3.0  50.0   0.0 36.28775 -120.88721  2.60
 -1.0  50.0   0.0 36.29933 -120.87022  2.91
  1.0  50.0   0.0 36.31092 -120.85322  2.38
  5.0  50.0   0.0 36.33408 -120.81923  3.28
 10.0  50.0   0.0 36.36304 -120.77672  2.78
 17.0  50.0   0.0 36.40359 -120.71718  3.38
 24.0  50.0   0.0 36.44413 -120.65761  3.11
 27.0  50.0   0.0 36.46151 -120.63207  2.91
 30.0  50.0   0.0 36.47888 -120.60652  2.81
 33.0  50.0   0.0 36.49626 -120.58097  2.71
 38.0  50.0   0.0 36.52522 -120.53838  2.68
 45.0  50.0   0.0 36.56576 -120.47871  2.66
 65.0  50.0   0.0 36.68160 -120.30808  2.37
-65.0 -70.0   2.0 35.10035 -120.55757  4.20
-40.0 -70.0   2.0 35.24515 -120.34627  5.59
-25.0 -70.0   2.0 35.33203 -120.21930  6.00
-15.0 -70.0   2.0 35.38995 -120.13458  4.59
 -8.0 -70.0   2.0 35.43049 -120.07524  4.47
 -3.0 -70.0   2.0 35.45945 -120.03284  4.66
 -1.0 -70.0   2.0 35.47103 -120.01587  4.65
  1.0 -70.0   2.0 35.48262 -119.99890  4.56
  5.0 -70.0   2.0 35.50578 -119.96496  4.62
 10.0 -70.0   2.0 35.53474 -119.92252  4.38
 17.0 -70.0   2.0 35.57529 -119.86307  3.91
 24.0 -70.0   2.0 35.61583 -119.80359  3.54
 27.0 -70.0   2.0 35.63321 -119.77809  3.55
 30.0 -70.0   2.0 35.65058 -119.75259  3.55
 33.0 -70.0   2.0 35.66796 -119.72708  3.53
 38.0 -70.0   2.0 35.69692 -119.68455  2.57
 45.0 -70.0   2.0 35.73746 -119.62498  2.75
 65.0 -70.0   2.0 35.85330 -119.45462  3.03
-65.0 -50.0   2.0 35.23840 -120.69949  4.94
-40.0 -50.0   2.0 35.38320 -120.48813  5.62
-25.0 -50.0   2.0 35.47008 -120.36113  5.64
-15.0 -50.0   2.0 35.52800 -120.27639  4.50
 -8.0 -50.0   2.0 35.56854 -120.21703  4.48
 -3.0 -50.0   2.0 35.59750 -120.17462  5.90
 -1.0 -50.0   2.0 35.60908 -120.15765  5.03
  1.0 -50.0   2.0 35.62067 -120.14068  4.39
  5.0 -50.0   2.0 35.64383 -120.10672  4.35
 10.0 -50.0   2.0 35.67279 -120.06427  5.12
 17.0 -50.0   2.0 35.71334 -120.00481  4.66
 24.0 -50.0   2.0 35.75388 -119.94531  3.32
 27.0 -50.0   2.0 35.77126 -119.91981  3.57
 30.0 -50.0   2.0 35.78863 -119.89429  3.22
 33.0 -50.0   2.0 35.80601 -119.86878  3.53
 38.0 -50.0   2.0 35.83497 -119.82624  3.50
 45.0 -50.0   2.0 35.87551 -119.76665  3.47
 65.0 -50.0   2.0 35.99135 -119.59625  3.32
-65.0 -40.0   2.0 35.30743 -120.77054  4.65
-40.0 -40.0   2.0 35.45222 -120.55915  6.21
-25.0 -40.0   2.0 35.53910 -120.43214  5.32
-15.0 -40.0   2.0 35.59702 -120.34738  4.23
 -8.0 -40.0   2.0 35.63756 -120.28802  5.14
 -3.0 -40.0   2.0 35.66652 -120.24560  5.77
 -1.0 -40.0   2.0 35.67811 -120.22863  4.66
  1.0 -40.0   2.0 35.68969 -120.21165  4.62
  5.0 -40.0   2.0 35.71286 -120.17770  4.44
 10.0 -40.0   2.0 35.74182 -120.13524  4.90
 17.0 -40.0   2.0 35.78236 -120.07577  4.31
 24.0 -40.0   2.0 35.82291 -120.01627  3.83
 27.0 -40.0   2.0 35.84028 -119.99076  4.16
 30.0 -40.0   2.0 35.85766 -119.96524  3.74
 33.0 -40.0   2.0 35.87503 -119.93972  3.49
 38.0 -40.0   2.0 35.90399 -119.89717  3.46
 45.0 -40.0   2.0 35.94453 -119.83758  3.41
 65.0 -40.0   2.0 36.06037 -119.66715  3.28
-65.0 -30.0   2.0 35.37645 -120.84165  4.80
-40.0 -30.0   2.0 35.52125 -120.63023  4.46
-25.0 -30.0   2.0 35.60813 -120.50320  5.09
-15.0 -30.0   2.0 35.66605 -120.41844  4.93
 -8.0 -30.0   2.0 35.70659 -120.35907  3.43
 -3.0 -30.0   2.0 35.73555 -120.31664  5.48
 -1.0 -30.0   2.0 35.74713 -120.29967  5.03
  1.0 -30.0   2.0 35.75872 -120.28269  4.71
  5.0 -30.0   2.0 35.78188 -120.24873  5.02
 10.0 -30.0   2.0 35.81084 -120.20627  4.77
 17.0 -30.0   2.0 35.85139 -120.14679  4.36
 24.0 -30.0   2.0 35.89193 -120.08728  4.10
 27.0 -30.0   2.0 35.90931 -120.06177  3.62
 30.0 -30.0   2.0 35.92668 -120.03625  3.15
 33.0 -30.0   2.0 35.94406 -120.01072  3.46
 38.0 -30.0   2.0 35.97302 -119.96817  3.42
 45.0 -30.0   2.0 36.01356 -119.90857  3.35
 65.0 -30.0   2.0 36.12940 -119.73812  3.24
-65.0 -21.0   2.0 35.43857 -120.90570  4.35
-40.0 -21.0   2.0 35.58337 -120.69426  4.47
-25.0 -21.0   2.0 35.67025 -120.56722  4.46
-15.0 -21.0   2.0 35.72817 -120.48244  3.86
 -8.0 -21.0   2.0 35.76871 -120.42307  3.93
 -3.0 -21.0   2.0 35.79767 -120.38064  4.91
 -1.0 -21.0   2.0 35.80926 -120.36366  4.93
  1.0 -21.0   2.0 35.82084 -120.34668  4.90
  5.0 -21.0   2.0 35.84401 -120.31271  5.82
 10.0 -21.0   2.0 35.87297 -120.27024  4.24
 17.0 -21.0   2.0 35.91351 -120.21076  4.18
 24.0 -21.0   2.0 35.95405 -120.15124  3.56
 27.0 -21.0   2.0 35.97143 -120.12573  3.50
 30.0 -21.0   2.0 35.98880 -120.10021  3.31
 33.0 -21.0   2.0 36.00618 -120.07468  3.38
 38.0 -21.0   2.0 36.03514 -120.03212  3.26
 45.0 -21.0   2.0 36.07568 -119.97251  3.20
 65.0 -21.0   2.0 36.19152 -119.80204  3.03
-65.0 -15.0   2.0 35.47999 -120.94842  5.09
-40.0 -15.0   2.0 35.62479 -120.73697  5.00
-25.0 -15.0   2.0 35.71167 -120.60992  5.85
-15.0 -15.0   2.0 35.76958 -120.52514  4.46
 -8.0 -15.0   2.0 35.81013 -120.46576  4.34
 -3.0 -15.0   2.0 35.83909 -120.42332  5.47
 -1.0 -15.0   2.0 35.85067 -120.40635  4.58
  1.0 -15.0   2.0 35.86225 -120.38937  5.27
  5.0 -15.0   2.0 35.88542 -120.35540  4.13
 10.0 -15.0   2.0 35.91438 -120.31292  3.42
 17.0 -15.0   2.0 35.95492 -120.25343  4.47
 24.0 -15.0   2.0 35.99547 -120.19391  3.45
 27.0 -15.0   2.0 36.01284 -120.16840  3.24
 30.0 -15.0   2.0 36.03022 -120.14287  3.21
 33.0 -15.0   2.0 36.04759 -120.11734  3.90
 38.0 -15.0   2.0 36.07655 -120.07478  4.17
 45.0 -15.0   2.0 36.11710 -120.01517  3.13
 65.0 -15.0   2.0 36.23294 -119.84468  2.86
-65.0  -9.0   2.0 35.52140 -120.99118  5.25
-40.0  -9.0   2.0 35.66620 -120.77971  4.18
-25.0  -9.0   2.0 35.75308 -120.65264  4.55
-15.0  -9.0   2.0 35.81100 -120.56786  4.25
 -8.0  -9.0   2.0 35.85154 -120.50847  5.22
 -3.0  -9.0   2.0 35.88050 -120.46604  4.25
 -1.0  -9.0   2.0 35.89209 -120.44906  4.88
  1.0  -9.0   2.0 35.90367 -120.43207  4.53
  5.0  -9.0   2.0 35.92684 -120.39810  3.99
 10.0  -9.0   2.0 35.95580 -120.35563  3.85
 17.0  -9.0   2.0 35.99634 -120.29613  4.63
 24.0  -9.0   2.0 36.03688 -120.23661  3.47
 27.0  -9.0   2.0 36.05426 -120.21109  3.45
 30.0  -9.0   2.0 36.07163 -120.18556  3.23
 33.0  -9.0   2.0 36.08901 -120.16003  3.68
 38.0  -9.0   2.0 36.11797 -120.11747  3.03
 45.0  -9.0   2.0 36.15851 -120.05785  3.00
 65.0  -9.0   2.0 36.27435 -119.88735  2.99
-65.0  -3.0   2.0 35.56282 -121.03395  4.82
-40.0  -3.0   2.0 35.70762 -120.82246  4.70
-25.0  -3.0   2.0 35.79450 -120.69539  4.21
-15.0  -3.0   2.0 35.85241 -120.61060  3.51
 -8.0  -3.0   2.0 35.89296 -120.55121  5.95
 -3.0  -3.0   2.0 35.92192 -120.50877  6.03
 -1.0  -3.0   2.0 35.93350 -120.49179  4.60
  1.0  -3.0   2.0 35.94508 -120.47480  4.74
  5.0  -3.0   2.0 35.96825 -120.44083  4.80
 10.0  -3.0   2.0 35.99721 -120.39835  4.24
 17.0  -3.0   2.0 36.03775 -120.33885  3.99
 24.0  -3.0   2.0 36.07830 -120.27932  3.58
 27.0  -3.0   2.0 36.09567 -120.25380  3.30
 30.0  -3.0   2.0 36.11305 -120.22827  3.25
 33.0  -3.0   2.0 36.13042 -120.20274  3.28
 38.0  -3.0   2.0 36.15938 -120.16017  3.20
 45.0  -3.0   2.0 36.19993 -120.10055  2.98
 65.0  -3.0   2.0 36.31577 -119.93004  3.03
-65.0   3.0   2.0 35.60423 -121.07674  4.73
-40.0   3.0   2.0 35.74903 -120.86524  5.79
-25.0   3.0   2.0 35.83591 -120.73816  4.73
-15.0   3.0   2.0 35.89383 -120.65336  4.81
 -8.0   3.0   2.0 35.93437 -120.59397  6.41
 -3.0   3.0   2.0 35.96333 -120.55152  6.79
 -1.0   3.0   2.0 35.97492 -120.53454  4.36
  1.0   3.0   2.0 35.98650 -120.51756  4.84
  5.0   3.0   2.0 36.00967 -120.48358  3.57
 10.0   3.0   2.0 36.03863 -120.44110  4.67
 17.0   3.0   2.0 36.07917 -120.38159  2.87
 24.0   3.0   2.0 36.11971 -120.32206  3.94
 27.0   3.0   2.0 36.13709 -120.29654  3.55
 30.0   3.0   2.0 36.15446 -120.27101  3.46
 33.0   3.0   2.0 36.17184 -120.24547  3.56
 38.0   3.0   2.0 36.20080 -120.20290  2.99
 45.0   3.0   2.0 36.24134 -120.14327  3.08
 65.0   3.0   2.0 36.35718 -119.97275  3.15
-65.0   9.0   2.0 35.64565 -121.11956  5.05
-40.0   9.0   2.0 35.79045 -120.90804  5.34
-25.0   9.0   2.0 35.87733 -120.78095  4.69
-15.0   9.0   2.0 35.93524 -120.69615  5.53
 -8.0   9.0   2.0 35.97579 -120.63675  5.54
 -3.0   9.0   2.0 36.00475 -120.59430  5.85
 -1.0   9.0   2.0 36.01633 -120.57732  4.58
  1.0   9.0   2.0 36.02791 -120.56033  3.68
  5.0   9.0   2.0 36.05108 -120.52635  3.59
 10.0   9.0   2.0 36.08004 -120.48387  4.60
 17.0   9.0   2.0 36.12058 -120.42436  3.50
 24.0   9.0   2.0 36.16113 -120.36482  4.40
 27.0   9.0   2.0 36.17850 -120.33929  3.62
 30.0   9.0   2.0 36.19588 -120.31376  3.86
 33.0   9.0   2.0 36.21325 -120.28822  3.70
 38.0   9.0   2.0 36.24221 -120.24565  3.40
 45.0   9.0   2.0 36.28276 -120.18602  3.38
 65.0   9.0   2.0 36.39860 -120.01548  3.22
-65.0  15.0   2.0 35.68706 -121.16240  4.35
-40.0  15.0   2.0 35.83186 -120.95087  5.54
-25.0  15.0   2.0 35.91874 -120.82377  4.59
-15.0  15.0   2.0 35.97666 -120.73895  4.16
 -8.0  15.0   2.0 36.01720 -120.67955  6.21
 -3.0  15.0   2.0 36.04616 -120.63710  5.46
 -1.0  15.0   2.0 36.05775 -120.62012  4.19
  1.0  15.0   2.0 36.06933 -120.60313  4.49
  5.0  15.0   2.0 36.09250 -120.56915  4.51
 10.0  15.0   2.0 36.12146 -120.52666  4.12
 17.0  15.0   2.0 36.16200 -120.46714  4.65
 24.0  15.0   2.0 36.20254 -120.40760  3.56
 27.0  15.0   2.0 36.21992 -120.38207  3.56
 30.0  15.0   2.0 36.23729 -120.35654  4.01
 33.0  15.0   2.0 36.25467 -120.33100  4.41
 38.0  15.0   2.0 36.28363 -120.28842  3.36
 45.0  15.0   2.0 36.32417 -120.22879  2.90
 65.0  15.0   2.0 36.44001 -120.05823  3.26
-65.0  21.0   2.0 35.72848 -121.20526  5.74
-40.0  21.0   2.0 35.87328 -120.99371  5.78
-25.0  21.0   2.0 35.96016 -120.86660  6.06
-15.0  21.0   2.0 36.01807 -120.78178  5.20
 -8.0  21.0   2.0 36.05862 -120.72238  5.43
 -3.0  21.0   2.0 36.08758 -120.67992  5.13
 -1.0  21.0   2.0 36.09916 -120.66294  4.51
  1.0  21.0   2.0 36.11074 -120.64595  4.30
  5.0  21.0   2.0 36.13391 -120.61196  4.27
 10.0  21.0   2.0 36.16287 -120.56947  3.90
 17.0  21.0   2.0 36.20341 -120.50995  4.33
 24.0  21.0   2.0 36.24396 -120.45040  4.07
 27.0  21.0   2.0 36.26133 -120.42487  4.04
 30.0  21.0   2.0 36.27871 -120.39934  4.02
 33.0  21.0   2.0 36.29608 -120.37380  3.78
 38.0  21.0   2.0 36.32504 -120.33122  3.51
 45.0  21.0   2.0 36.36559 -120.27158  3.07
 65.0  21.0   2.0 36.48143 -120.10101  3.06
-65.0  30.0   2.0 35.79060 -121.26959  5.33
-40.0  30.0   2.0 35.93540 -121.05802  5.06
-25.0  30.0   2.0 36.02228 -120.93090  6.17
-15.0  30.0   2.0 36.08020 -120.84607  5.77
 -8.0  30.0   2.0 36.12074 -120.78665  5.20
 -3.0  30.0   2.0 36.14970 -120.74420  5.13
 -1.0  30.0   2.0 36.16128 -120.72721  4.86
  1.0  30.0   2.0 36.17287 -120.71022  4.78
  5.0  30.0   2.0 36.19603 -120.67623  4.47
 10.0  30.0   2.0 36.22499 -120.63373  4.66
 17.0  30.0   2.0 36.26554 -120.57421  5.22
 24.0  30.0   2.0 36.30608 -120.51465  4.73
 27.0  30.0   2.0 36.32346 -120.48912  4.27
 30.0  30.0   2.0 36.34083 -120.46358  4.48
 33.0  30.0   2.0 36.35821 -120.43804  4.64
 38.0  30.0   2.0 36.38717 -120.39545  3.55
 45.0  30.0   2.0 36.42771 -120.33580  3.41
 65.0  30.0   2.0 36.54355 -120.16522  3.36
-65.0  40.0   2.0 35.85963 -121.34113  5.47
-40.0  40.0   2.0 36.00442 -121.12954  5.16
-25.0  40.0   2.0 36.09130 -121.00240  5.84
-15.0  40.0   2.0 36.14922 -120.91756  5.20
 -8.0  40.0   2.0 36.18977 -120.85814  4.85
 -3.0  40.0   2.0 36.21872 -120.81567  5.32
 -1.0  40.0   2.0 36.23031 -120.79868  5.29
  1.0  40.0   2.0 36.24189 -120.78169  5.14
  5.0  40.0   2.0 36.26506 -120.74770  4.42
 10.0  40.0   2.0 36.29402 -120.70519  4.51
 17.0  40.0   2.0 36.33456 -120.64566  4.88
 24.0  40.0   2.0 36.37511 -120.58610  4.44
 27.0  40.0   2.0 36.39248 -120.56056  4.09
 30.0  40.0   2.0 36.40986 -120.53502  3.96
 33.0  40.0   2.0 36.42723 -120.50947  4.19
 38.0  40.0   2.0 36.45619 -120.46688  3.80
 45.0  40.0   2.0 36.49674 -120.40723  3.72
 65.0  40.0   2.0 36.61257 -120.23662  3.38
-65.0  50.0   2.0 35.92865 -121.41274  5.03
-40.0  50.0   2.0 36.07345 -121.20112  4.36
-25.0  50.0   2.0 36.16033 -121.07396  5.65
-15.0  50.0   2.0 36.21825 -120.98911  5.23
 -8.0  50.0   2.0 36.25879 -120.92968  4.84
 -3.0  50.0   2.0 36.28775 -120.88721  4.82
 -1.0  50.0   2.0 36.29933 -120.87022  4.93
  1.0  50.0   2.0 36.31092 -120.85322  4.94
  5.0  50.0   2.0 36.33408 -120.81923  4.44
 10.0  50.0   2.0 36.36304 -120.77672  4.83
 17.0  50.0   2.0 36.40359 -120.71718  4.76
 24.0  50.0   2.0 36.44413 -120.65761  4.15
 27.0  50.0   2.0 36.46151 -120.63207  3.92
 30.0  50.0   2.0 36.47888 -120.60652  3.90
 33.0  50.0   2.0 36.49626 -120.58097  3.87
 38.0  50.0   2.0 36.52522 -120.53838  3.75
 45.0  50.0   2.0 36.56576 -120.47871  3.65
 65.0  50.0   2.0 36.68160 -120.30808  3.40
-65.0 -70.0   4.0 35.10035 -120.55757  5.28
-40.0 -70.0   4.0 35.24515 -120.34627  5.23
-25.0 -70.0   4.0 35.33203 -120.21930  6.02
-15.0 -70.0   4.0 35.38995 -120.13458  4.73
 -8.0 -70.0   4.0 35.43049 -120.07524  5.09
 -3.0 -70.0   4.0 35.45945 -120.03284  5.73
 -1.0 -70.0   4.0 35.47103 -120.01587  5.65
  1.0 -70.0   4.0 35.48262 -119.99890  5.63
  5.0 -70.0   4.0 35.50578 -119.96496  5.52
 10.0 -70.0   4.0 35.53474 -119.92252  5.20
 17.0 -70.0   4.0 35.57529 -119.86307  4.72
 24.0 -70.0   4.0 35.61583 -119.80359  4.43
 27.0 -70.0   4.0 35.63321 -119.77809  4.42
 30.0 -70.0   4.0 35.65058 -119.75259  4.42
 33.0 -70.0   4.0 35.66796 -119.72708  4.41
 38.0 -70.0   4.0 35.69692 -119.68455  4.39
 45.0 -70.0   4.0 35.73746 -119.62498  3.64
 65.0 -70.0   4.0 35.85330 -119.45462  4.14
-65.0 -50.0   4.0 35.23840 -120.69949  5.70
-40.0 -50.0   4.0 35.38320 -120.48813  5.70
-25.0 -50.0   4.0 35.47008 -120.36113  5.83
-15.0 -50.0   4.0 35.52800 -120.27639  5.33
 -8.0 -50.0   4.0 35.56854 -120.21703  5.40
 -3.0 -50.0   4.0 35.59750 -120.17462  5.93
 -1.0 -50.0   4.0 35.60908 -120.15765  5.01
  1.0 -50.0   4.0 35.62067 -120.14068  4.79
  5.0 -50.0   4.0 35.64383 -120.10672  5.26
 10.0 -50.0   4.0 35.67279 -120.06427  7.00
 17.0 -50.0   4.0 35.71334 -120.00481  5.86
 24.0 -50.0   4.0 35.75388 -119.94531  3.47
 27.0 -50.0   4.0 35.77126 -119.91981  4.14
 30.0 -50.0   4.0 35.78863 -119.89429  3.82
 33.0 -50.0   4.0 35.80601 -119.86878  4.41
 38.0 -50.0   4.0 35.83497 -119.82624  4.39
 45.0 -50.0   4.0 35.87551 -119.76665  4.38
 65.0 -50.0   4.0 35.99135 -119.59625  4.38
-65.0 -40.0   4.0 35.30743 -120.77054  5.21
-40.0 -40.0   4.0 35.45222 -120.55915  4.77
-25.0 -40.0   4.0 35.53910 -120.43214  5.40
-15.0 -40.0   4.0 35.59702 -120.34738  4.99
 -8.0 -40.0   4.0 35.63756 -120.28802  5.69
 -3.0 -40.0   4.0 35.66652 -120.24560  5.87
 -1.0 -40.0   4.0 35.67811 -120.22863  5.32
  1.0 -40.0   4.0 35.68969 -120.21165  5.14
  5.0 -40.0   4.0 35.71286 -120.17770  4.88
 10.0 -40.0   4.0 35.74182 -120.13524  5.38
 17.0 -40.0   4.0 35.78236 -120.07577  4.73
 24.0 -40.0   4.0 35.82291 -120.01627  3.84
 27.0 -40.0   4.0 35.84028 -119.99076  4.39
 30.0 -40.0   4.0 35.85766 -119.96524  4.36
 33.0 -40.0   4.0 35.87503 -119.93972  4.39
 38.0 -40.0   4.0 35.90399 -119.89717  4.36
 45.0 -40.0   4.0 35.94453 -119.83758  4.32
 65.0 -40.0   4.0 36.06037 -119.66715  4.37
-65.0 -30.0   4.0 35.37645 -120.84165  5.61
-40.0 -30.0   4.0 35.52125 -120.63023  5.73
-25.0 -30.0   4.0 35.60813 -120.50320  6.32
-15.0 -30.0   4.0 35.66605 -120.41844  6.11
 -8.0 -30.0   4.0 35.70659 -120.35907  4.90
 -3.0 -30.0   4.0 35.73555 -120.31664  6.05
 -1.0 -30.0   4.0 35.74713 -120.29967  5.51
  1.0 -30.0   4.0 35.75872 -120.28269  5.97
  5.0 -30.0   4.0 35.78188 -120.24873  6.44
 10.0 -30.0   4.0 35.81084 -120.20627  5.57
 17.0 -30.0   4.0 35.85139 -120.14679  4.56
 24.0 -30.0   4.0 35.89193 -120.08728  4.39
 27.0 -30.0   4.0 35.90931 -120.06177  4.11
 30.0 -30.0   4.0 35.92668 -120.03625  3.94
 33.0 -30.0   4.0 35.94406 -120.01072  4.37
 38.0 -30.0   4.0 35.97302 -119.96817  4.33
 45.0 -30.0   4.0 36.01356 -119.90857  4.27
 65.0 -30.0   4.0 36.12940 -119.73812  4.37
-65.0 -21.0   4.0 35.43857 -120.90570  5.17
-40.0 -21.0   4.0 35.58337 -120.69426  5.55
-25.0 -21.0   4.0 35.67025 -120.56722  5.97
-15.0 -21.0   4.0 35.72817 -120.48244  4.63
 -8.0 -21.0   4.0 35.76871 -120.42307  6.03
 -3.0 -21.0   4.0 35.79767 -120.38064  5.63
 -1.0 -21.0   4.0 35.80926 -120.36366  5.88
  1.0 -21.0   4.0 35.82084 -120.34668  5.36
  5.0 -21.0   4.0 35.84401 -120.31271  6.09
 10.0 -21.0   4.0 35.87297 -120.27024  5.09
 17.0 -21.0   4.0 35.91351 -120.21076  4.65
 24.0 -21.0   4.0 35.95405 -120.15124  4.33
 27.0 -21.0   4.0 35.97143 -120.12573  4.25
 30.0 -21.0   4.0 35.98880 -120.10021  4.22
 33.0 -21.0   4.0 36.00618 -120.07468  4.31
 38.0 -21.0   4.0 36.03514 -120.03212  4.19
 45.0 -21.0   4.0 36.07568 -119.97251  4.20
 65.0 -21.0   4.0 36.19152 -119.80204  4.10
-65.0 -15.0   4.0 35.47999 -120.94842  4.83
-40.0 -15.0   4.0 35.62479 -120.73697  5.72
-25.0 -15.0   4.0 35.71167 -120.60992  6.21
-15.0 -15.0   4.0 35.76958 -120.52514  6.16
 -8.0 -15.0   4.0 35.81013 -120.46576  6.50
 -3.0 -15.0   4.0 35.83909 -120.42332  5.56
 -1.0 -15.0   4.0 35.85067 -120.40635  5.67
  1.0 -15.0   4.0 35.86225 -120.38937  5.26
  5.0 -15.0   4.0 35.88542 -120.35540  5.85
 10.0 -15.0   4.0 35.91438 -120.31292  4.17
 17.0 -15.0   4.0 35.95492 -120.25343  4.99
 24.0 -15.0   4.0 35.99547 -120.19391  4.44
 27.0 -15.0   4.0 36.01284 -120.16840  4.30
 30.0 -15.0   4.0 36.03022 -120.14287  4.14
 33.0 -15.0   4.0 36.04759 -120.11734  4.57
 38.0 -15.0   4.0 36.07655 -120.07478  4.17
 45.0 -15.0   4.0 36.11710 -120.01517  4.21
 65.0 -15.0   4.0 36.23294 -119.84468  3.94
-65.0  -9.0   4.0 35.52140 -120.99118  5.94
-40.0  -9.0   4.0 35.66620 -120.77971  5.21
-25.0  -9.0   4.0 35.75308 -120.65264  6.16
-15.0  -9.0   4.0 35.81100 -120.56786  6.28
 -8.0  -9.0   4.0 35.85154 -120.50847  6.03
 -3.0  -9.0   4.0 35.88050 -120.46604  5.93
 -1.0  -9.0   4.0 35.89209 -120.44906  5.43
  1.0  -9.0   4.0 35.90367 -120.43207  5.77
  5.0  -9.0   4.0 35.92684 -120.39810  4.52
 10.0  -9.0   4.0 35.95580 -120.35563  4.55
 17.0  -9.0   4.0 35.99634 -120.29613  5.49
 24.0  -9.0   4.0 36.03688 -120.23661  4.67
 27.0  -9.0   4.0 36.05426 -120.21109  4.93
 30.0  -9.0   4.0 36.07163 -120.18556  4.29
 33.0  -9.0   4.0 36.08901 -120.16003  4.35
 38.0  -9.0   4.0 36.11797 -120.11747  4.01
 45.0  -9.0   4.0 36.15851 -120.05785  3.91
 65.0  -9.0   4.0 36.27435 -119.88735  4.13
-65.0  -3.0   4.0 35.56282 -121.03395  4.92
-40.0  -3.0   4.0 35.70762 -120.82246  5.67
-25.0  -3.0   4.0 35.79450 -120.69539  6.01
-15.0  -3.0   4.0 35.85241 -120.61060  6.32
 -8.0  -3.0   4.0 35.89296 -120.55121  5.82
 -3.0  -3.0   4.0 35.92192 -120.50877  6.30
 -1.0  -3.0   4.0 35.93350 -120.49179  5.64
  1.0  -3.0   4.0 35.94508 -120.47480  4.97
  5.0  -3.0   4.0 35.96825 -120.44083  4.55
 10.0  -3.0   4.0 35.99721 -120.39835  4.66
 17.0  -3.0   4.0 36.03775 -120.33885  5.34
 24.0  -3.0   4.0 36.07830 -120.27932  4.79
 27.0  -3.0   4.0 36.09567 -120.25380  4.51
 30.0  -3.0   4.0 36.11305 -120.22827  4.22
 33.0  -3.0   4.0 36.13042 -120.20274  4.19
 38.0  -3.0   4.0 36.15938 -120.16017  4.10
 45.0  -3.0   4.0 36.19993 -120.10055  4.22
 65.0  -3.0   4.0 36.31577 -119.93004  4.74
-65.0   3.0   4.0 35.60423 -121.07674  5.00
-40.0   3.0   4.0 35.74903 -120.86524  5.62
-25.0   3.0   4.0 35.83591 -120.73816  5.09
-15.0   3.0   4.0 35.89383 -120.65336  5.42
 -8.0   3.0   4.0 35.93437 -120.59397  5.68
 -3.0   3.0   4.0 35.96333 -120.55152  5.49
 -1.0   3.0   4.0 35.97492 -120.53454  5.81
  1.0   3.0   4.0 35.98650 -120.51756  4.68
  5.0   3.0   4.0 36.00967 -120.48358  4.35
 10.0   3.0   4.0 36.03863 -120.44110  4.52
 17.0   3.0   4.0 36.07917 -120.38159  5.28
 24.0   3.0   4.0 36.11971 -120.32206  5.13
 27.0   3.0   4.0 36.13709 -120.29654  4.41
 30.0   3.0   4.0 36.15446 -120.27101  4.14
 33.0   3.0   4.0 36.17184 -120.24547  4.32
 38.0   3.0   4.0 36.20080 -120.20290  4.13
 45.0   3.0   4.0 36.24134 -120.14327  3.97
 65.0   3.0   4.0 36.35718 -119.97275  4.15
-65.0   9.0   4.0 35.64565 -121.11956  5.20
-40.0   9.0   4.0 35.79045 -120.90804  6.15
-25.0   9.0   4.0 35.87733 -120.78095  5.35
-15.0   9.0   4.0 35.93524 -120.69615  6.69
 -8.0   9.0   4.0 35.97579 -120.63675  5.48
 -3.0   9.0   4.0 36.00475 -120.59430  5.55
 -1.0   9.0   4.0 36.01633 -120.57732  5.30
  1.0   9.0   4.0 36.02791 -120.56033  4.78
  5.0   9.0   4.0 36.05108 -120.52635  5.16
 10.0   9.0   4.0 36.08004 -120.48387  3.66
 17.0   9.0   4.0 36.12058 -120.42436  6.46
 24.0   9.0   4.0 36.16113 -120.36482  5.82
 27.0   9.0   4.0 36.17850 -120.33929  4.17
 30.0   9.0   4.0 36.19588 -120.31376  4.78
 33.0   9.0   4.0 36.21325 -120.28822  4.52
 38.0   9.0   4.0 36.24221 -120.24565  4.07
 45.0   9.0   4.0 36.28276 -120.18602  4.22
 65.0   9.0   4.0 36.39860 -120.01548  4.14
-65.0  15.0   4.0 35.68706 -121.16240  5.38
-40.0  15.0   4.0 35.83186 -120.95087  5.69
-25.0  15.0   4.0 35.91874 -120.82377  5.09
-15.0  15.0   4.0 35.97666 -120.73895  4.89
 -8.0  15.0   4.0 36.01720 -120.67955  5.04
 -3.0  15.0   4.0 36.04616 -120.63710  5.77
 -1.0  15.0   4.0 36.05775 -120.62012  4.78
  1.0  15.0   4.0 36.06933 -120.60313  4.57
  5.0  15.0   4.0 36.09250 -120.56915  4.94
 10.0  15.0   4.0 36.12146 -120.52666  4.51
 17.0  15.0   4.0 36.16200 -120.46714  5.63
 24.0  15.0   4.0 36.20254 -120.40760  4.75
 27.0  15.0   4.0 36.21992 -120.38207  4.40
 30.0  15.0   4.0 36.23729 -120.35654  5.14
 33.0  15.0   4.0 36.25467 -120.33100  5.01
 38.0  15.0   4.0 36.28363 -120.28842  4.16
 45.0  15.0   4.0 36.32417 -120.22879  3.33
 65.0  15.0   4.0 36.44001 -120.05823  4.15
-65.0  21.0   4.0 35.72848 -121.20526  5.60
-40.0  21.0   4.0 35.87328 -120.99371  5.41
-25.0  21.0   4.0 35.96016 -120.86660  6.19
-15.0  21.0   4.0 36.01807 -120.78178  5.26
 -8.0  21.0   4.0 36.05862 -120.72238  5.64
 -3.0  21.0   4.0 36.08758 -120.67992  5.85
 -1.0  21.0   4.0 36.09916 -120.66294  5.12
  1.0  21.0   4.0 36.11074 -120.64595  5.01
  5.0  21.0   4.0 36.13391 -120.61196  4.66
 10.0  21.0   4.0 36.16287 -120.56947  4.57
 17.0  21.0   4.0 36.20341 -120.50995  5.31
 24.0  21.0   4.0 36.24396 -120.45040  5.12
 27.0  21.0   4.0 36.26133 -120.42487  4.22
 30.0  21.0   4.0 36.27871 -120.39934  4.09
 33.0  21.0   4.0 36.29608 -120.37380  4.46
 38.0  21.0   4.0 36.32504 -120.33122  4.28
 45.0  21.0   4.0 36.36559 -120.27158  3.86
 65.0  21.0   4.0 36.48143 -120.10101  3.89
-65.0  30.0   4.0 35.79060 -121.26959  5.70
-40.0  30.0   4.0 35.93540 -121.05802  5.71
-25.0  30.0   4.0 36.02228 -120.93090  6.35
-15.0  30.0   4.0 36.08020 -120.84607  5.92
 -8.0  30.0   4.0 36.12074 -120.78665  5.61
 -3.0  30.0   4.0 36.14970 -120.74420  5.27
 -1.0  30.0   4.0 36.16128 -120.72721  5.06
  1.0  30.0   4.0 36.17287 -120.71022  4.96
  5.0  30.0   4.0 36.19603 -120.67623  4.98
 10.0  30.0   4.0 36.22499 -120.63373  5.16
 17.0  30.0   4.0 36.26554 -120.57421  5.87
 24.0  30.0   4.0 36.30608 -120.51465  4.70
 27.0  30.0   4.0 36.32346 -120.48912  4.71
 30.0  30.0   4.0 36.34083 -120.46358  5.11
 33.0  30.0   4.0 36.35821 -120.43804  4.65
 38.0  30.0   4.0 36.38717 -120.39545  4.64
 45.0  30.0   4.0 36.42771 -120.33580  4.06
 65.0  30.0   4.0 36.54355 -120.16522  4.25
-65.0  40.0   4.0 35.85963 -121.34113  6.30
-40.0  40.0   4.0 36.00442 -121.12954  5.44
-25.0  40.0   4.0 36.09130 -121.00240  6.01
-15.0  40.0   4.0 36.14922 -120.91756  5.97
 -8.0  40.0   4.0 36.18977 -120.85814  5.77
 -3.0  40.0   4.0 36.21872 -120.81567  5.64
 -1.0  40.0   4.0 36.23031 -120.79868  5.25
  1.0  40.0   4.0 36.24189 -120.78169  5.01
  5.0  40.0   4.0 36.26506 -120.74770  5.03
 10.0  40.0   4.0 36.29402 -120.70519  5.68
 17.0  40.0   4.0 36.33456 -120.64566  5.83
 24.0  40.0   4.0 36.37511 -120.58610  5.03
 27.0  40.0   4.0 36.39248 -120.56056  4.72
 30.0  40.0   4.0 36.40986 -120.53502  4.90
 33.0  40.0   4.0 36.42723 -120.50947  4.80
 38.0  40.0   4.0 36.45619 -120.46688  4.64
 45.0  40.0   4.0 36.49674 -120.40723  4.49
 65.0  40.0   4.0 36.61257 -120.23662  4.28
-65.0  50.0   4.0 35.92865 -121.41274  5.93
-40.0  50.0   4.0 36.07345 -121.20112  4.72
-25.0  50.0   4.0 36.16033 -121.07396  5.55
-15.0  50.0   4.0 36.21825 -120.98911  6.06
 -8.0  50.0   4.0 36.25879 -120.92968  5.67
 -3.0  50.0   4.0 36.28775 -120.88721  5.96
 -1.0  50.0   4.0 36.29933 -120.87022  5.48
  1.0  50.0   4.0 36.31092 -120.85322  4.93
  5.0  50.0   4.0 36.33408 -120.81923  5.18
 10.0  50.0   4.0 36.36304 -120.77672  6.16
 17.0  50.0   4.0 36.40359 -120.71718  5.65
 24.0  50.0   4.0 36.44413 -120.65761  5.00
 27.0  50.0   4.0 36.46151 -120.63207  4.73
 30.0  50.0   4.0 36.47888 -120.60652  4.70
 33.0  50.0   4.0 36.49626 -120.58097  4.68
 38.0  50.0   4.0 36.52522 -120.53838  4.57
 45.0  50.0   4.0 36.56576 -120.47871  4.46
 65.0  50.0   4.0 36.68160 -120.30808  4.30
-65.0 -70.0   6.0 35.10035 -120.55757  5.56
-40.0 -70.0   6.0 35.24515 -120.34627  5.17
-25.0 -70.0   6.0 35.33203 -120.21930  6.50
-15.0 -70.0   6.0 35.38995 -120.13458  5.59
 -8.0 -70.0   6.0 35.43049 -120.07524  5.70
 -3.0 -70.0   6.0 35.45945 -120.03284  5.76
 -1.0 -70.0   6.0 35.47103 -120.01587  5.67
  1.0 -70.0   6.0 35.48262 -119.99890  5.67
  5.0 -70.0   6.0 35.50578 -119.96496  5.56
 10.0 -70.0   6.0 35.53474 -119.92252  5.30
 17.0 -70.0   6.0 35.57529 -119.86307  5.00
 24.0 -70.0   6.0 35.61583 -119.80359  5.12
 27.0 -70.0   6.0 35.63321 -119.77809  5.09
 30.0 -70.0   6.0 35.65058 -119.75259  5.09
 33.0 -70.0   6.0 35.66796 -119.72708  5.11
 38.0 -70.0   6.0 35.69692 -119.68455  5.13
 45.0 -70.0   6.0 35.73746 -119.62498  4.70
 65.0 -70.0   6.0 35.85330 -119.45462  5.78
-65.0 -50.0   6.0 35.23840 -120.69949  5.79
-40.0 -50.0   6.0 35.38320 -120.48813  6.01
-25.0 -50.0   6.0 35.47008 -120.36113  6.34
-15.0 -50.0   6.0 35.52800 -120.27639  5.84
 -8.0 -50.0   6.0 35.56854 -120.21703  6.45
 -3.0 -50.0   6.0 35.59750 -120.17462  5.94
 -1.0 -50.0   6.0 35.60908 -120.15765  5.07
  1.0 -50.0   6.0 35.62067 -120.14068  5.63
  5.0 -50.0   6.0 35.64383 -120.10672  5.92
 10.0 -50.0   6.0 35.67279 -120.06427  5.40
 17.0 -50.0   6.0 35.71334 -120.00481  5.06
 24.0 -50.0   6.0 35.75388 -119.94531  4.07
 27.0 -50.0   6.0 35.77126 -119.91981  4.43
 30.0 -50.0   6.0 35.78863 -119.89429  4.55
 33.0 -50.0   6.0 35.80601 -119.86878  3.90
 38.0 -50.0   6.0 35.83497 -119.82624  5.14
 45.0 -50.0   6.0 35.87551 -119.76665  5.16
 65.0 -50.0   6.0 35.99135 -119.59625  5.37
-65.0 -40.0   6.0 35.30743 -120.77054  5.84
-40.0 -40.0   6.0 35.45222 -120.55915  6.05
-25.0 -40.0   6.0 35.53910 -120.43214  5.96
-15.0 -40.0   6.0 35.59702 -120.34738  6.04
 -8.0 -40.0   6.0 35.63756 -120.28802  6.17
 -3.0 -40.0   6.0 35.66652 -120.24560  6.07
 -1.0 -40.0   6.0 35.67811 -120.22863  5.48
  1.0 -40.0   6.0 35.68969 -120.21165  5.69
  5.0 -40.0   6.0 35.71286 -120.17770  5.61
 10.0 -40.0   6.0 35.74182 -120.13524  5.23
 17.0 -40.0   6.0 35.78236 -120.07577  4.89
 24.0 -40.0   6.0 35.82291 -120.01627  4.85
 27.0 -40.0   6.0 35.84028 -119.99076  4.83
 30.0 -40.0   6.0 35.85766 -119.96524  4.60
 33.0 -40.0   6.0 35.87503 -119.93972  4.51
 38.0 -40.0   6.0 35.90399 -119.89717  5.12
 45.0 -40.0   6.0 35.94453 -119.83758  5.12
 65.0 -40.0   6.0 36.06037 -119.66715  5.74
-65.0 -30.0   6.0 35.37645 -120.84165  6.34
-40.0 -30.0   6.0 35.52125 -120.63023  5.74
-25.0 -30.0   6.0 35.60813 -120.50320  6.29
-15.0 -30.0   6.0 35.66605 -120.41844  6.23
 -8.0 -30.0   6.0 35.70659 -120.35907  6.24
 -3.0 -30.0   6.0 35.73555 -120.31664  6.25
 -1.0 -30.0   6.0 35.74713 -120.29967  5.91
  1.0 -30.0   6.0 35.75872 -120.28269  5.64
  5.0 -30.0   6.0 35.78188 -120.24873  6.41
 10.0 -30.0   6.0 35.81084 -120.20627  5.70
 17.0 -30.0   6.0 35.85139 -120.14679  4.98
 24.0 -30.0   6.0 35.89193 -120.08728  5.27
 27.0 -30.0   6.0 35.90931 -120.06177  4.89
 30.0 -30.0   6.0 35.92668 -120.03625  4.70
 33.0 -30.0   6.0 35.94406 -120.01072  5.51
 38.0 -30.0   6.0 35.97302 -119.96817  5.11
 45.0 -30.0   6.0 36.01356 -119.90857  5.08
 65.0 -30.0   6.0 36.12940 -119.73812  6.11
-65.0 -21.0   6.0 35.43857 -120.90570  5.84
-40.0 -21.0   6.0 35.58337 -120.69426  5.59
-25.0 -21.0   6.0 35.67025 -120.56722  6.19
-15.0 -21.0   6.0 35.72817 -120.48244  5.64
 -8.0 -21.0   6.0 35.76871 -120.42307  6.28
 -3.0 -21.0   6.0 35.79767 -120.38064  5.60
 -1.0 -21.0   6.0 35.80926 -120.36366  5.59
  1.0 -21.0   6.0 35.82084 -120.34668  5.47
  5.0 -21.0   6.0 35.84401 -120.31271  5.80
 10.0 -21.0   6.0 35.87297 -120.27024  5.69
 17.0 -21.0   6.0 35.91351 -120.21076  4.73
 24.0 -21.0   6.0 35.95405 -120.15124  4.61
 27.0 -21.0   6.0 35.97143 -120.12573  4.48
 30.0 -21.0   6.0 35.98880 -120.10021  4.91
 33.0 -21.0   6.0 36.00618 -120.07468  5.07
 38.0 -21.0   6.0 36.03514 -120.03212  5.10
 45.0 -21.0   6.0 36.07568 -119.97251  5.17
 65.0 -21.0   6.0 36.19152 -119.80204  5.94
-65.0 -15.0   6.0 35.47999 -120.94842  5.87
-40.0 -15.0   6.0 35.62479 -120.73697  5.60
-25.0 -15.0   6.0 35.71167 -120.60992  5.85
-15.0 -15.0   6.0 35.76958 -120.52514  6.28
 -8.0 -15.0   6.0 35.81013 -120.46576  5.94
 -3.0 -15.0   6.0 35.83909 -120.42332  6.10
 -1.0 -15.0   6.0 35.85067 -120.40635  6.05
  1.0 -15.0   6.0 35.86225 -120.38937  5.61
  5.0 -15.0   6.0 35.88542 -120.35540  6.18
 10.0 -15.0   6.0 35.91438 -120.31292  5.15
 17.0 -15.0   6.0 35.95492 -120.25343  4.90
 24.0 -15.0   6.0 35.99547 -120.19391  4.72
 27.0 -15.0   6.0 36.01284 -120.16840  4.64
 30.0 -15.0   6.0 36.03022 -120.14287  5.01
 33.0 -15.0   6.0 36.04759 -120.11734  5.31
 38.0 -15.0   6.0 36.07655 -120.07478  5.39
 45.0 -15.0   6.0 36.11710 -120.01517  5.21
 65.0 -15.0   6.0 36.23294 -119.84468  6.42
-65.0  -9.0   6.0 35.52140 -120.99118  6.07
-40.0  -9.0   6.0 35.66620 -120.77971  5.69
-25.0  -9.0   6.0 35.75308 -120.65264  5.72
-15.0  -9.0   6.0 35.81100 -120.56786  6.02
 -8.0  -9.0   6.0 35.85154 -120.50847  5.97
 -3.0  -9.0   6.0 35.88050 -120.46604  6.14
 -1.0  -9.0   6.0 35.89209 -120.44906  6.15
  1.0  -9.0   6.0 35.90367 -120.43207  6.47
  5.0  -9.0   6.0 35.92684 -120.39810  5.08
 10.0  -9.0   6.0 35.95580 -120.35563  4.89
 17.0  -9.0   6.0 35.99634 -120.29613  4.89
 24.0  -9.0   6.0 36.03688 -120.23661  5.35
 27.0  -9.0   6.0 36.05426 -120.21109  4.86
 30.0  -9.0   6.0 36.07163 -120.18556  4.78
 33.0  -9.0   6.0 36.08901 -120.16003  4.77
 38.0  -9.0   6.0 36.11797 -120.11747  4.84
 45.0  -9.0   6.0 36.15851 -120.05785  4.41
 65.0  -9.0   6.0 36.27435 -119.88735  5.85
-65.0  -3.0   6.0 35.56282 -121.03395  6.01
-40.0  -3.0   6.0 35.70762 -120.82246  5.64
-25.0  -3.0   6.0 35.79450 -120.69539  5.83
-15.0  -3.0   6.0 35.85241 -120.61060  6.01
 -8.0  -3.0   6.0 35.89296 -120.55121  6.01
 -3.0  -3.0   6.0 35.92192 -120.50877  6.03
 -1.0  -3.0   6.0 35.93350 -120.49179  6.17
  1.0  -3.0   6.0 35.94508 -120.47480  5.13
  5.0  -3.0   6.0 35.96825 -120.44083  5.36
 10.0  -3.0   6.0 35.99721 -120.39835  5.18
 17.0  -3.0   6.0 36.03775 -120.33885  4.82
 24.0  -3.0   6.0 36.07830 -120.27932  5.83
 27.0  -3.0   6.0 36.09567 -120.25380  5.03
 30.0  -3.0   6.0 36.11305 -120.22827  4.86
 33.0  -3.0   6.0 36.13042 -120.20274  4.79
 38.0  -3.0   6.0 36.15938 -120.16017  4.52
 45.0  -3.0   6.0 36.19993 -120.10055  4.40
 65.0  -3.0   6.0 36.31577 -119.93004  5.22
-65.0   3.0   6.0 35.60423 -121.07674  5.14
-40.0   3.0   6.0 35.74903 -120.86524  6.25
-25.0   3.0   6.0 35.83591 -120.73816  5.91
-15.0   3.0   6.0 35.89383 -120.65336  6.22
 -8.0   3.0   6.0 35.93437 -120.59397  6.28
 -3.0   3.0   6.0 35.96333 -120.55152  6.78
 -1.0   3.0   6.0 35.97492 -120.53454  5.87
  1.0   3.0   6.0 35.98650 -120.51756  5.14
  5.0   3.0   6.0 36.00967 -120.48358  5.99
 10.0   3.0   6.0 36.03863 -120.44110  4.73
 17.0   3.0   6.0 36.07917 -120.38159  5.27
 24.0   3.0   6.0 36.11971 -120.32206  6.04
 27.0   3.0   6.0 36.13709 -120.29654  4.78
 30.0   3.0   6.0 36.15446 -120.27101  4.87
 33.0   3.0   6.0 36.17184 -120.24547  4.73
 38.0   3.0   6.0 36.20080 -120.20290  4.55
 45.0   3.0   6.0 36.24134 -120.14327  4.41
 65.0   3.0   6.0 36.35718 -119.97275  5.10
-65.0   9.0   6.0 35.64565 -121.11956  5.94
-40.0   9.0   6.0 35.79045 -120.90804  5.90
-25.0   9.0   6.0 35.87733 -120.78095  5.59
-15.0   9.0   6.0 35.93524 -120.69615  6.32
 -8.0   9.0   6.0 35.97579 -120.63675  6.07
 -3.0   9.0   6.0 36.00475 -120.59430  6.04
 -1.0   9.0   6.0 36.01633 -120.57732  5.92
  1.0   9.0   6.0 36.02791 -120.56033  5.48
  5.0   9.0   6.0 36.05108 -120.52635  5.12
 10.0   9.0   6.0 36.08004 -120.48387  4.68
 17.0   9.0   6.0 36.12058 -120.42436  5.40
 24.0   9.0   6.0 36.16113 -120.36482  6.17
 27.0   9.0   6.0 36.17850 -120.33929  4.59
 30.0   9.0   6.0 36.19588 -120.31376  4.79
 33.0   9.0   6.0 36.21325 -120.28822  4.72
 38.0   9.0   6.0 36.24221 -120.24565  4.78
 45.0   9.0   6.0 36.28276 -120.18602  4.87
 65.0   9.0   6.0 36.39860 -120.01548  5.00
-65.0  15.0   6.0 35.68706 -121.16240  6.06
-40.0  15.0   6.0 35.83186 -120.95087  5.76
-25.0  15.0   6.0 35.91874 -120.82377  5.75
-15.0  15.0   6.0 35.97666 -120.73895  5.60
 -8.0  15.0   6.0 36.01720 -120.67955  6.09
 -3.0  15.0   6.0 36.04616 -120.63710  6.19
 -1.0  15.0   6.0 36.05775 -120.62012  6.01
  1.0  15.0   6.0 36.06933 -120.60313  5.31
  5.0  15.0   6.0 36.09250 -120.56915  4.82
 10.0  15.0   6.0 36.12146 -120.52666  4.93
 17.0  15.0   6.0 36.16200 -120.46714  5.49
 24.0  15.0   6.0 36.20254 -120.40760  6.18
 27.0  15.0   6.0 36.21992 -120.38207  5.27
 30.0  15.0   6.0 36.23729 -120.35654  4.98
 33.0  15.0   6.0 36.25467 -120.33100  4.95
 38.0  15.0   6.0 36.28363 -120.28842  4.45
 45.0  15.0   6.0 36.32417 -120.22879  4.34
 65.0  15.0   6.0 36.44001 -120.05823  4.97
-65.0  21.0   6.0 35.72848 -121.20526  5.69
-40.0  21.0   6.0 35.87328 -120.99371  5.85
-25.0  21.0   6.0 35.96016 -120.86660  5.96
-15.0  21.0   6.0 36.01807 -120.78178  6.14
 -8.0  21.0   6.0 36.05862 -120.72238  6.03
 -3.0  21.0   6.0 36.08758 -120.67992  5.94
 -1.0  21.0   6.0 36.09916 -120.66294  5.92
  1.0  21.0   6.0 36.11074 -120.64595  5.70
  5.0  21.0   6.0 36.13391 -120.61196  5.23
 10.0  21.0   6.0 36.16287 -120.56947  5.11
 17.0  21.0   6.0 36.20341 -120.50995  5.24
 24.0  21.0   6.0 36.24396 -120.45040  5.79
 27.0  21.0   6.0 36.26133 -120.42487  4.93
 30.0  21.0   6.0 36.27871 -120.39934  4.57
 33.0  21.0   6.0 36.29608 -120.37380  4.73
 38.0  21.0   6.0 36.32504 -120.33122  4.64
 45.0  21.0   6.0 36.36559 -120.27158  4.54
 65.0  21.0   6.0 36.48143 -120.10101  4.46
-65.0  30.0   6.0 35.79060 -121.26959  6.06
-40.0  30.0   6.0 35.93540 -121.05802  5.94
-25.0  30.0   6.0 36.02228 -120.93090  5.95
-15.0  30.0   6.0 36.08020 -120.84607  5.82
 -8.0  30.0   6.0 36.12074 -120.78665  6.31
 -3.0  30.0   6.0 36.14970 -120.74420  6.06
 -1.0  30.0   6.0 36.16128 -120.72721  5.48
  1.0  30.0   6.0 36.17287 -120.71022  5.17
  5.0  30.0   6.0 36.19603 -120.67623  5.39
 10.0  30.0   6.0 36.22499 -120.63373  5.31
 17.0  30.0   6.0 36.26554 -120.57421  5.36
 24.0  30.0   6.0 36.30608 -120.51465  5.31
 27.0  30.0   6.0 36.32346 -120.48912  4.68
 30.0  30.0   6.0 36.34083 -120.46358  4.66
 33.0  30.0   6.0 36.35821 -120.43804  4.40
 38.0  30.0   6.0 36.38717 -120.39545  4.59
 45.0  30.0   6.0 36.42771 -120.33580  4.13
 65.0  30.0   6.0 36.54355 -120.16522  5.04
-65.0  40.0   6.0 35.85963 -121.34113  6.95
-40.0  40.0   6.0 36.00442 -121.12954  5.66
-25.0  40.0   6.0 36.09130 -121.00240  6.11
-15.0  40.0   6.0 36.14922 -120.91756  5.80
 -8.0  40.0   6.0 36.18977 -120.85814  6.36
 -3.0  40.0   6.0 36.21872 -120.81567  5.95
 -1.0  40.0   6.0 36.23031 -120.79868  5.52
  1.0  40.0   6.0 36.24189 -120.78169  5.16
  5.0  40.0   6.0 36.26506 -120.74770  5.39
 10.0  40.0   6.0 36.29402 -120.70519  6.03
 17.0  40.0   6.0 36.33456 -120.64566  5.42
 24.0  40.0   6.0 36.37511 -120.58610  5.53
 27.0  40.0   6.0 36.39248 -120.56056  5.24
 30.0  40.0   6.0 36.40986 -120.53502  5.07
 33.0  40.0   6.0 36.42723 -120.50947  4.81
 38.0  40.0   6.0 36.45619 -120.46688  4.89
 45.0  40.0   6.0 36.49674 -120.40723  4.76
 65.0  40.0   6.0 36.61257 -120.23662  5.06
-65.0  50.0   6.0 35.92865 -121.41274  6.04
-40.0  50.0   6.0 36.07345 -121.20112  5.56
-25.0  50.0   6.0 36.16033 -121.07396  6.18
-15.0  50.0   6.0 36.21825 -120.98911  5.84
 -8.0  50.0   6.0 36.25879 -120.92968  6.33
 -3.0  50.0   6.0 36.28775 -120.88721  6.08
 -1.0  50.0   6.0 36.29933 -120.87022  6.02
  1.0  50.0   6.0 36.31092 -120.85322  5.88
  5.0  50.0   6.0 36.33408 -120.81923  5.81
 10.0  50.0   6.0 36.36304 -120.77672  6.74
 17.0  50.0   6.0 36.40359 -120.71718  5.66
 24.0  50.0   6.0 36.44413 -120.65761  5.64
 27.0  50.0   6.0 36.46151 -120.63207  5.34
 30.0  50.0   6.0 36.47888 -120.60652  5.21
 33.0  50.0   6.0 36.49626 -120.58097  5.13
 38.0  50.0   6.0 36.52522 -120.53838  5.13
 45.0  50.0   6.0 36.56576 -120.47871  5.11
 65.0  50.0   6.0 36.68160 -120.30808  5.08
-65.0 -70.0   9.0 35.10035 -120.55757  5.51
-40.0 -70.0   9.0 35.24515 -120.34627  5.93
-25.0 -70.0   9.0 35.33203 -120.21930  6.86
-15.0 -70.0   9.0 35.38995 -120.13458  6.71
 -8.0 -70.0   9.0 35.43049 -120.07524  6.26
 -3.0 -70.0   9.0 35.45945 -120.03284  5.97
 -1.0 -70.0   9.0 35.47103 -120.01587  5.78
  1.0 -70.0   9.0 35.48262 -119.99890  5.79
  5.0 -70.0   9.0 35.50578 -119.96496  5.70
 10.0 -70.0   9.0 35.53474 -119.92252  5.56
 17.0 -70.0   9.0 35.57529 -119.86307  5.49
 24.0 -70.0   9.0 35.61583 -119.80359  5.78
 27.0 -70.0   9.0 35.63321 -119.77809  5.73
 30.0 -70.0   9.0 35.65058 -119.75259  5.73
 33.0 -70.0   9.0 35.66796 -119.72708  5.77
 38.0 -70.0   9.0 35.69692 -119.68455  5.82
 45.0 -70.0   9.0 35.73746 -119.62498  5.70
 65.0 -70.0   9.0 35.85330 -119.45462  6.27
-65.0 -50.0   9.0 35.23840 -120.69949  5.45
-40.0 -50.0   9.0 35.38320 -120.48813  5.90
-25.0 -50.0   9.0 35.47008 -120.36113  6.55
-15.0 -50.0   9.0 35.52800 -120.27639  6.40
 -8.0 -50.0   9.0 35.56854 -120.21703  6.36
 -3.0 -50.0   9.0 35.59750 -120.17462  6.10
 -1.0 -50.0   9.0 35.60908 -120.15765  5.80
  1.0 -50.0   9.0 35.62067 -120.14068  6.00
  5.0 -50.0   9.0 35.64383 -120.10672  6.90
 10.0 -50.0   9.0 35.67279 -120.06427  5.53
 17.0 -50.0   9.0 35.71334 -120.00481  4.97
 24.0 -50.0   9.0 35.75388 -119.94531  4.58
 27.0 -50.0   9.0 35.77126 -119.91981  4.74
 30.0 -50.0   9.0 35.78863 -119.89429  5.06
 33.0 -50.0   9.0 35.80601 -119.86878  4.61
 38.0 -50.0   9.0 35.83497 -119.82624  5.84
 45.0 -50.0   9.0 35.87551 -119.76665  5.90
 65.0 -50.0   9.0 35.99135 -119.59625  6.30
-65.0 -40.0   9.0 35.30743 -120.77054  6.02
-40.0 -40.0   9.0 35.45222 -120.55915  5.85
-25.0 -40.0   9.0 35.53910 -120.43214  6.12
-15.0 -40.0   9.0 35.59702 -120.34738  6.49
 -8.0 -40.0   9.0 35.63756 -120.28802  6.04
 -3.0 -40.0   9.0 35.66652 -120.24560  6.55
 -1.0 -40.0   9.0 35.67811 -120.22863  6.57
  1.0 -40.0   9.0 35.68969 -120.21165  6.26
  5.0 -40.0   9.0 35.71286 -120.17770  6.07
 10.0 -40.0   9.0 35.74182 -120.13524  5.26
 17.0 -40.0   9.0 35.78236 -120.07577  4.99
 24.0 -40.0   9.0 35.82291 -120.01627  6.11
 27.0 -40.0   9.0 35.84028 -119.99076  5.64
 30.0 -40.0   9.0 35.85766 -119.96524  5.21
 33.0 -40.0   9.0 35.87503 -119.93972  4.96
 38.0 -40.0   9.0 35.90399 -119.89717  5.84
 45.0 -40.0   9.0 35.94453 -119.83758  5.89
 65.0 -40.0   9.0 36.06037 -119.66715  6.36
-65.0 -30.0   9.0 35.37645 -120.84165  6.47
-40.0 -30.0   9.0 35.52125 -120.63023  6.14
-25.0 -30.0   9.0 35.60813 -120.50320  6.18
-15.0 -30.0   9.0 35.66605 -120.41844  6.05
 -8.0 -30.0   9.0 35.70659 -120.35907  6.22
 -3.0 -30.0   9.0 35.73555 -120.31664  6.45
 -1.0 -30.0   9.0 35.74713 -120.29967  6.42
  1.0 -30.0   9.0 35.75872 -120.28269  5.91
  5.0 -30.0   9.0 35.78188 -120.24873  6.47
 10.0 -30.0   9.0 35.81084 -120.20627  5.56
 17.0 -30.0   9.0 35.85139 -120.14679  5.06
 24.0 -30.0   9.0 35.89193 -120.08728  6.27
 27.0 -30.0   9.0 35.90931 -120.06177  5.68
 30.0 -30.0   9.0 35.92668 -120.03625  5.12
 33.0 -30.0   9.0 35.94406 -120.01072  5.37
 38.0 -30.0   9.0 35.97302 -119.96817  5.86
 45.0 -30.0   9.0 36.01356 -119.90857  5.87
 65.0 -30.0   9.0 36.12940 -119.73812  6.41
-65.0 -21.0   9.0 35.43857 -120.90570  6.11
-40.0 -21.0   9.0 35.58337 -120.69426  5.99
-25.0 -21.0   9.0 35.67025 -120.56722  6.18
-15.0 -21.0   9.0 35.72817 -120.48244  6.49
 -8.0 -21.0   9.0 35.76871 -120.42307  6.19
 -3.0 -21.0   9.0 35.79767 -120.38064  6.04
 -1.0 -21.0   9.0 35.80926 -120.36366  5.75
  1.0 -21.0   9.0 35.82084 -120.34668  5.45
  5.0 -21.0   9.0 35.84401 -120.31271  6.19
 10.0 -21.0   9.0 35.87297 -120.27024  5.83
 17.0 -21.0   9.0 35.91351 -120.21076  4.84
 24.0 -21.0   9.0 35.95405 -120.15124  5.39
 27.0 -21.0   9.0 35.97143 -120.12573  5.55
 30.0 -21.0   9.0 35.98880 -120.10021  5.45
 33.0 -21.0   9.0 36.00618 -120.07468  5.45
 38.0 -21.0   9.0 36.03514 -120.03212  5.48
 45.0 -21.0   9.0 36.07568 -119.97251  5.85
 65.0 -21.0   9.0 36.19152 -119.80204  7.39
-65.0 -15.0   9.0 35.47999 -120.94842  6.21
-40.0 -15.0   9.0 35.62479 -120.73697  5.98
-25.0 -15.0   9.0 35.71167 -120.60992  6.31
-15.0 -15.0   9.0 35.76958 -120.52514  6.38
 -8.0 -15.0   9.0 35.81013 -120.46576  6.55
 -3.0 -15.0   9.0 35.83909 -120.42332  6.20
 -1.0 -15.0   9.0 35.85067 -120.40635  6.20
  1.0 -15.0   9.0 35.86225 -120.38937  6.36
  5.0 -15.0   9.0 35.88542 -120.35540  6.43
 10.0 -15.0   9.0 35.91438 -120.31292  4.95
 17.0 -15.0   9.0 35.95492 -120.25343  4.75
 24.0 -15.0   9.0 35.99547 -120.19391  5.39
 27.0 -15.0   9.0 36.01284 -120.16840  5.89
 30.0 -15.0   9.0 36.03022 -120.14287  5.70
 33.0 -15.0   9.0 36.04759 -120.11734  5.36
 38.0 -15.0   9.0 36.07655 -120.07478  5.62
 45.0 -15.0   9.0 36.11710 -120.01517  5.61
 65.0 -15.0   9.0 36.23294 -119.84468  7.27
-65.0  -9.0   9.0 35.52140 -120.99118  6.25
-40.0  -9.0   9.0 35.66620 -120.77971  6.09
-25.0  -9.0   9.0 35.75308 -120.65264  6.26
-15.0  -9.0   9.0 35.81100 -120.56786  6.36
 -8.0  -9.0   9.0 35.85154 -120.50847  6.12
 -3.0  -9.0   9.0 35.88050 -120.46604  6.10
 -1.0  -9.0   9.0 35.89209 -120.44906  6.55
  1.0  -9.0   9.0 35.90367 -120.43207  7.05
  5.0  -9.0   9.0 35.92684 -120.39810  5.84
 10.0  -9.0   9.0 35.95580 -120.35563  4.59
 17.0  -9.0   9.0 35.99634 -120.29613  5.07
 24.0  -9.0   9.0 36.03688 -120.23661  5.66
 27.0  -9.0   9.0 36.05426 -120.21109  5.68
 30.0  -9.0   9.0 36.07163 -120.18556  5.52
 33.0  -9.0   9.0 36.08901 -120.16003  5.28
 38.0  -9.0   9.0 36.11797 -120.11747  5.28
 45.0  -9.0   9.0 36.15851 -120.05785  4.71
 65.0  -9.0   9.0 36.27435 -119.88735  6.43
-65.0  -3.0   9.0 35.56282 -121.03395  5.95
-40.0  -3.0   9.0 35.70762 -120.82246  6.18
-25.0  -3.0   9.0 35.79450 -120.69539  6.21
-15.0  -3.0   9.0 35.85241 -120.61060  6.57
 -8.0  -3.0   9.0 35.89296 -120.55121  6.48
 -3.0  -3.0   9.0 35.92192 -120.50877  6.45
 -1.0  -3.0   9.0 35.93350 -120.49179  6.32
  1.0  -3.0   9.0 35.94508 -120.47480  6.31
  5.0  -3.0   9.0 35.96825 -120.44083  5.47
 10.0  -3.0   9.0 35.99721 -120.39835  4.95
 17.0  -3.0   9.0 36.03775 -120.33885  5.11
 24.0  -3.0   9.0 36.07830 -120.27932  6.06
 27.0  -3.0   9.0 36.09567 -120.25380  5.42
 30.0  -3.0   9.0 36.11305 -120.22827  5.56
 33.0  -3.0   9.0 36.13042 -120.20274  5.53
 38.0  -3.0   9.0 36.15938 -120.16017  5.24
 45.0  -3.0   9.0 36.19993 -120.10055  4.89
 65.0  -3.0   9.0 36.31577 -119.93004  6.32
-65.0   3.0   9.0 35.60423 -121.07674  5.96
-40.0   3.0   9.0 35.74903 -120.86524  6.18
-25.0   3.0   9.0 35.83591 -120.73816  6.36
-15.0   3.0   9.0 35.89383 -120.65336  6.38
 -8.0   3.0   9.0 35.93437 -120.59397  6.48
 -3.0   3.0   9.0 35.96333 -120.55152  6.23
 -1.0   3.0   9.0 35.97492 -120.53454  5.82
  1.0   3.0   9.0 35.98650 -120.51756  6.16
  5.0   3.0   9.0 36.00967 -120.48358  5.40
 10.0   3.0   9.0 36.03863 -120.44110  4.62
 17.0   3.0   9.0 36.07917 -120.38159  5.33
 24.0   3.0   9.0 36.11971 -120.32206  6.33
 27.0   3.0   9.0 36.13709 -120.29654  5.73
 30.0   3.0   9.0 36.15446 -120.27101  5.78
 33.0   3.0   9.0 36.17184 -120.24547  5.65
 38.0   3.0   9.0 36.20080 -120.20290  5.93
 45.0   3.0   9.0 36.24134 -120.14327  5.43
 65.0   3.0   9.0 36.35718 -119.97275  6.13
-65.0   9.0   9.0 35.64565 -121.11956  6.01
-40.0   9.0   9.0 35.79045 -120.90804  6.21
-25.0   9.0   9.0 35.87733 -120.78095  6.51
-15.0   9.0   9.0 35.93524 -120.69615  6.30
 -8.0   9.0   9.0 35.97579 -120.63675  6.51
 -3.0   9.0   9.0 36.00475 -120.59430  6.20
 -1.0   9.0   9.0 36.01633 -120.57732  6.25
  1.0   9.0   9.0 36.02791 -120.56033  5.38
  5.0   9.0   9.0 36.05108 -120.52635  5.30
 10.0   9.0   9.0 36.08004 -120.48387  5.19
 17.0   9.0   9.0 36.12058 -120.42436  5.30
 24.0   9.0   9.0 36.16113 -120.36482  6.44
 27.0   9.0   9.0 36.17850 -120.33929  5.70
 30.0   9.0   9.0 36.19588 -120.31376  5.90
 33.0   9.0   9.0 36.21325 -120.28822  5.90
 38.0   9.0   9.0 36.24221 -120.24565  5.58
 45.0   9.0   9.0 36.28276 -120.18602  5.48
 65.0   9.0   9.0 36.39860 -120.01548  5.90
-65.0  15.0   9.0 35.68706 -121.16240  6.12
-40.0  15.0   9.0 35.83186 -120.95087  6.37
-25.0  15.0   9.0 35.91874 -120.82377  6.32
-15.0  15.0   9.0 35.97666 -120.73895  6.35
 -8.0  15.0   9.0 36.01720 -120.67955  6.04
 -3.0  15.0   9.0 36.04616 -120.63710  6.11
 -1.0  15.0   9.0 36.05775 -120.62012  6.43
  1.0  15.0   9.0 36.06933 -120.60313  5.57
  5.0  15.0   9.0 36.09250 -120.56915  6.03
 10.0  15.0   9.0 36.12146 -120.52666  5.10
 17.0  15.0   9.0 36.16200 -120.46714  5.38
 24.0  15.0   9.0 36.20254 -120.40760  6.15
 27.0  15.0   9.0 36.21992 -120.38207  5.66
 30.0  15.0   9.0 36.23729 -120.35654  6.00
 33.0  15.0   9.0 36.25467 -120.33100  5.77
 38.0  15.0   9.0 36.28363 -120.28842  5.15
 45.0  15.0   9.0 36.32417 -120.22879  5.31
 65.0  15.0   9.0 36.44001 -120.05823  6.05
-65.0  21.0   9.0 35.72848 -121.20526  5.80
-40.0  21.0   9.0 35.87328 -120.99371  6.42
-25.0  21.0   9.0 35.96016 -120.86660  6.18
-15.0  21.0   9.0 36.01807 -120.78178  6.31
 -8.0  21.0   9.0 36.05862 -120.72238  6.54
 -3.0  21.0   9.0 36.08758 -120.67992  6.25
 -1.0  21.0   9.0 36.09916 -120.66294  6.06
  1.0  21.0   9.0 36.11074 -120.64595  5.28
  5.0  21.0   9.0 36.13391 -120.61196  6.18
 10.0  21.0   9.0 36.16287 -120.56947  5.67
 17.0  21.0   9.0 36.20341 -120.50995  5.39
 24.0  21.0   9.0 36.24396 -120.45040  6.21
 27.0  21.0   9.0 36.26133 -120.42487  5.85
 30.0  21.0   9.0 36.27871 -120.39934  5.39
 33.0  21.0   9.0 36.29608 -120.37380  5.13
 38.0  21.0   9.0 36.32504 -120.33122  5.18
 45.0  21.0   9.0 36.36559 -120.27158  4.96
 65.0  21.0   9.0 36.48143 -120.10101  5.86
-65.0  30.0   9.0 35.79060 -121.26959  6.67
-40.0  30.0   9.0 35.93540 -121.05802  6.35
-25.0  30.0   9.0 36.02228 -120.93090  6.16
-15.0  30.0   9.0 36.08020 -120.84607  6.15
 -8.0  30.0   9.0 36.12074 -120.78665  6.38
 -3.0  30.0   9.0 36.14970 -120.74420  6.35
 -1.0  30.0   9.0 36.16128 -120.72721  6.07
  1.0  30.0   9.0 36.17287 -120.71022  5.48
  5.0  30.0   9.0 36.19603 -120.67623  5.78
 10.0  30.0   9.0 36.22499 -120.63373  5.76
 17.0  30.0   9.0 36.26554 -120.57421  5.89
 24.0  30.0   9.0 36.30608 -120.51465  5.93
 27.0  30.0   9.0 36.32346 -120.48912  5.34
 30.0  30.0   9.0 36.34083 -120.46358  5.18
 33.0  30.0   9.0 36.35821 -120.43804  5.04
 38.0  30.0   9.0 36.38717 -120.39545  5.09
 45.0  30.0   9.0 36.42771 -120.33580  5.34
 65.0  30.0   9.0 36.54355 -120.16522  5.84
-65.0  40.0   9.0 35.85963 -121.34113  8.01
-40.0  40.0   9.0 36.00442 -121.12954  6.08
-25.0  40.0   9.0 36.09130 -121.00240  6.67
-15.0  40.0   9.0 36.14922 -120.91756  6.03
 -8.0  40.0   9.0 36.18977 -120.85814  6.28
 -3.0  40.0   9.0 36.21872 -120.81567  6.44
 -1.0  40.0   9.0 36.23031 -120.79868  5.82
  1.0  40.0   9.0 36.24189 -120.78169  6.16
  5.0  40.0   9.0 36.26506 -120.74770  5.90
 10.0  40.0   9.0 36.29402 -120.70519  5.87
 17.0  40.0   9.0 36.33456 -120.64566  5.81
 24.0  40.0   9.0 36.37511 -120.58610  5.73
 27.0  40.0   9.0 36.39248 -120.56056  5.59
 30.0  40.0   9.0 36.40986 -120.53502  5.54
 33.0  40.0   9.0 36.42723 -120.50947  5.38
 38.0  40.0   9.0 36.45619 -120.46688  5.21
 45.0  40.0   9.0 36.49674 -120.40723  5.55
 65.0  40.0   9.0 36.61257 -120.23662  5.86
-65.0  50.0   9.0 35.92865 -121.41274  7.70
-40.0  50.0   9.0 36.07345 -121.20112  5.43
-25.0  50.0   9.0 36.16033 -121.07396  7.36
-15.0  50.0   9.0 36.21825 -120.98911  6.18
 -8.0  50.0   9.0 36.25879 -120.92968  6.27
 -3.0  50.0   9.0 36.28775 -120.88721  6.30
 -1.0  50.0   9.0 36.29933 -120.87022  5.81
  1.0  50.0   9.0 36.31092 -120.85322  6.47
  5.0  50.0   9.0 36.33408 -120.81923  6.06
 10.0  50.0   9.0 36.36304 -120.77672  6.13
 17.0  50.0   9.0 36.40359 -120.71718  6.41
 24.0  50.0   9.0 36.44413 -120.65761  5.90
 27.0  50.0   9.0 36.46151 -120.63207  5.90
 30.0  50.0   9.0 36.47888 -120.60652  5.85
 33.0  50.0   9.0 36.49626 -120.58097  5.80
 38.0  50.0   9.0 36.52522 -120.53838  5.75
 45.0  50.0   9.0 36.56576 -120.47871  5.74
 65.0  50.0   9.0 36.68160 -120.30808  5.87
-65.0 -70.0  12.0 35.10035 -120.55757  6.37
-40.0 -70.0  12.0 35.24515 -120.34627  5.84
-25.0 -70.0  12.0 35.33203 -120.21930  6.32
-15.0 -70.0  12.0 35.38995 -120.13458  6.63
 -8.0 -70.0  12.0 35.43049 -120.07524  6.31
 -3.0 -70.0  12.0 35.45945 -120.03284  6.12
 -1.0 -70.0  12.0 35.47103 -120.01587  5.71
  1.0 -70.0  12.0 35.48262 -119.99890  6.03
  5.0 -70.0  12.0 35.50578 -119.96496  5.93
 10.0 -70.0  12.0 35.53474 -119.92252  5.80
 17.0 -70.0  12.0 35.57529 -119.86307  5.78
 24.0 -70.0  12.0 35.61583 -119.80359  6.21
 27.0 -70.0  12.0 35.63321 -119.77809  6.19
 30.0 -70.0  12.0 35.65058 -119.75259  6.18
 33.0 -70.0  12.0 35.66796 -119.72708  6.19
 38.0 -70.0  12.0 35.69692 -119.68455  7.47
 45.0 -70.0  12.0 35.73746 -119.62498  7.52
 65.0 -70.0  12.0 35.85330 -119.45462  6.37
-65.0 -50.0  12.0 35.23840 -120.69949  6.01
-40.0 -50.0  12.0 35.38320 -120.48813  6.12
-25.0 -50.0  12.0 35.47008 -120.36113  6.71
-15.0 -50.0  12.0 35.52800 -120.27639  5.54
 -8.0 -50.0  12.0 35.56854 -120.21703  6.19
 -3.0 -50.0  12.0 35.59750 -120.17462  5.40
 -1.0 -50.0  12.0 35.60908 -120.15765  5.31
  1.0 -50.0  12.0 35.62067 -120.14068  5.30
  5.0 -50.0  12.0 35.64383 -120.10672  6.15
 10.0 -50.0  12.0 35.67279 -120.06427  5.80
 17.0 -50.0  12.0 35.71334 -120.00481  5.37
 24.0 -50.0  12.0 35.75388 -119.94531  5.15
 27.0 -50.0  12.0 35.77126 -119.91981  5.45
 30.0 -50.0  12.0 35.78863 -119.89429  5.59
 33.0 -50.0  12.0 35.80601 -119.86878  5.46
 38.0 -50.0  12.0 35.83497 -119.82624  6.85
 45.0 -50.0  12.0 35.87551 -119.76665  6.21
 65.0 -50.0  12.0 35.99135 -119.59625  6.38
-65.0 -40.0  12.0 35.30743 -120.77054  6.64
-40.0 -40.0  12.0 35.45222 -120.55915  5.36
-25.0 -40.0  12.0 35.53910 -120.43214  7.01
-15.0 -40.0  12.0 35.59702 -120.34738  6.19
 -8.0 -40.0  12.0 35.63756 -120.28802  6.13
 -3.0 -40.0  12.0 35.66652 -120.24560  6.06
 -1.0 -40.0  12.0 35.67811 -120.22863  6.37
  1.0 -40.0  12.0 35.68969 -120.21165  5.76
  5.0 -40.0  12.0 35.71286 -120.17770  6.03
 10.0 -40.0  12.0 35.74182 -120.13524  5.71
 17.0 -40.0  12.0 35.78236 -120.07577  5.57
 24.0 -40.0  12.0 35.82291 -120.01627  5.94
 27.0 -40.0  12.0 35.84028 -119.99076  5.73
 30.0 -40.0  12.0 35.85766 -119.96524  5.90
 33.0 -40.0  12.0 35.87503 -119.93972  6.05
 38.0 -40.0  12.0 35.90399 -119.89717  6.53
 45.0 -40.0  12.0 35.94453 -119.83758  6.20
 65.0 -40.0  12.0 36.06037 -119.66715  6.42
-65.0 -30.0  12.0 35.37645 -120.84165  6.16
-40.0 -30.0  12.0 35.52125 -120.63023  6.09
-25.0 -30.0  12.0 35.60813 -120.50320  6.62
-15.0 -30.0  12.0 35.66605 -120.41844  6.50
 -8.0 -30.0  12.0 35.70659 -120.35907  6.65
 -3.0 -30.0  12.0 35.73555 -120.31664  6.04
 -1.0 -30.0  12.0 35.74713 -120.29967  6.18
  1.0 -30.0  12.0 35.75872 -120.28269  5.71
  5.0 -30.0  12.0 35.78188 -120.24873  6.04
 10.0 -30.0  12.0 35.81084 -120.20627  5.45
 17.0 -30.0  12.0 35.85139 -120.14679  5.86
 24.0 -30.0  12.0 35.89193 -120.08728  6.02
 27.0 -30.0  12.0 35.90931 -120.06177  5.72
 30.0 -30.0  12.0 35.92668 -120.03625  5.93
 33.0 -30.0  12.0 35.94406 -120.01072  6.23
 38.0 -30.0  12.0 35.97302 -119.96817  6.21
 45.0 -30.0  12.0 36.01356 -119.90857  6.19
 65.0 -30.0  12.0 36.12940 -119.73812  6.46
-65.0 -21.0  12.0 35.43857 -120.90570  5.78
-40.0 -21.0  12.0 35.58337 -120.69426  6.19
-25.0 -21.0  12.0 35.67025 -120.56722  6.70
-15.0 -21.0  12.0 35.72817 -120.48244  5.87
 -8.0 -21.0  12.0 35.76871 -120.42307  6.58
 -3.0 -21.0  12.0 35.79767 -120.38064  5.46
 -1.0 -21.0  12.0 35.80926 -120.36366  5.85
  1.0 -21.0  12.0 35.82084 -120.34668  5.50
  5.0 -21.0  12.0 35.84401 -120.31271  5.67
 10.0 -21.0  12.0 35.87297 -120.27024  5.62
 17.0 -21.0  12.0 35.91351 -120.21076  5.52
 24.0 -21.0  12.0 35.95405 -120.15124  5.60
 27.0 -21.0  12.0 35.97143 -120.12573  5.78
 30.0 -21.0  12.0 35.98880 -120.10021  5.57
 33.0 -21.0  12.0 36.00618 -120.07468  5.56
 38.0 -21.0  12.0 36.03514 -120.03212  5.68
 45.0 -21.0  12.0 36.07568 -119.97251  6.15
 65.0 -21.0  12.0 36.19152 -119.80204  6.83
-65.0 -15.0  12.0 35.47999 -120.94842  5.55
-40.0 -15.0  12.0 35.62479 -120.73697  6.30
-25.0 -15.0  12.0 35.71167 -120.60992  6.57
-15.0 -15.0  12.0 35.76958 -120.52514  5.79
 -8.0 -15.0  12.0 35.81013 -120.46576  6.83
 -3.0 -15.0  12.0 35.83909 -120.42332  6.03
 -1.0 -15.0  12.0 35.85067 -120.40635  6.18
  1.0 -15.0  12.0 35.86225 -120.38937  5.84
  5.0 -15.0  12.0 35.88542 -120.35540  5.32
 10.0 -15.0  12.0 35.91438 -120.31292  5.49
 17.0 -15.0  12.0 35.95492 -120.25343  5.38
 24.0 -15.0  12.0 35.99547 -120.19391  5.95
 27.0 -15.0  12.0 36.01284 -120.16840  5.88
 30.0 -15.0  12.0 36.03022 -120.14287  5.62
 33.0 -15.0  12.0 36.04759 -120.11734  5.77
 38.0 -15.0  12.0 36.07655 -120.07478  6.13
 45.0 -15.0  12.0 36.11710 -120.01517  6.14
 65.0 -15.0  12.0 36.23294 -119.84468  6.64
-65.0  -9.0  12.0 35.52140 -120.99118  5.86
-40.0  -9.0  12.0 35.66620 -120.77971  6.31
-25.0  -9.0  12.0 35.75308 -120.65264  6.35
-15.0  -9.0  12.0 35.81100 -120.56786  6.46
 -8.0  -9.0  12.0 35.85154 -120.50847  6.71
 -3.0  -9.0  12.0 35.88050 -120.46604  5.82
 -1.0  -9.0  12.0 35.89209 -120.44906  6.65
  1.0  -9.0  12.0 35.90367 -120.43207  7.33
  5.0  -9.0  12.0 35.92684 -120.39810  5.30
 10.0  -9.0  12.0 35.95580 -120.35563  5.01
 17.0  -9.0  12.0 35.99634 -120.29613  5.48
 24.0  -9.0  12.0 36.03688 -120.23661  5.77
 27.0  -9.0  12.0 36.05426 -120.21109  5.66
 30.0  -9.0  12.0 36.07163 -120.18556  5.76
 33.0  -9.0  12.0 36.08901 -120.16003  5.66
 38.0  -9.0  12.0 36.11797 -120.11747  5.84
 45.0  -9.0  12.0 36.15851 -120.05785  6.04
 65.0  -9.0  12.0 36.27435 -119.88735  6.63
-65.0  -3.0  12.0 35.56282 -121.03395  6.22
-40.0  -3.0  12.0 35.70762 -120.82246  6.25
-25.0  -3.0  12.0 35.79450 -120.69539  6.54
-15.0  -3.0  12.0 35.85241 -120.61060  6.23
 -8.0  -3.0  12.0 35.89296 -120.55121  6.46
 -3.0  -3.0  12.0 35.92192 -120.50877  6.25
 -1.0  -3.0  12.0 35.93350 -120.49179  6.60
  1.0  -3.0  12.0 35.94508 -120.47480  6.54
  5.0  -3.0  12.0 35.96825 -120.44083  5.07
 10.0  -3.0  12.0 35.99721 -120.39835  4.94
 17.0  -3.0  12.0 36.03775 -120.33885  5.54
 24.0  -3.0  12.0 36.07830 -120.27932  6.07
 27.0  -3.0  12.0 36.09567 -120.25380  5.65
 30.0  -3.0  12.0 36.11305 -120.22827  5.85
 33.0  -3.0  12.0 36.13042 -120.20274  5.79
 38.0  -3.0  12.0 36.15938 -120.16017  5.55
 45.0  -3.0  12.0 36.19993 -120.10055  7.32
 65.0  -3.0  12.0 36.31577 -119.93004  6.46
-65.0   3.0  12.0 35.60423 -121.07674  6.14
-40.0   3.0  12.0 35.74903 -120.86524  6.48
-25.0   3.0  12.0 35.83591 -120.73816  6.57
-15.0   3.0  12.0 35.89383 -120.65336  6.39
 -8.0   3.0  12.0 35.93437 -120.59397  6.35
 -3.0   3.0  12.0 35.96333 -120.55152  6.69
 -1.0   3.0  12.0 35.97492 -120.53454  5.99
  1.0   3.0  12.0 35.98650 -120.51756  5.88
  5.0   3.0  12.0 36.00967 -120.48358  4.82
 10.0   3.0  12.0 36.03863 -120.44110  4.81
 17.0   3.0  12.0 36.07917 -120.38159  5.59
 24.0   3.0  12.0 36.11971 -120.32206  6.44
 27.0   3.0  12.0 36.13709 -120.29654  5.85
 30.0   3.0  12.0 36.15446 -120.27101  6.09
 33.0   3.0  12.0 36.17184 -120.24547  6.13
 38.0   3.0  12.0 36.20080 -120.20290  6.10
 45.0   3.0  12.0 36.24134 -120.14327  6.60
 65.0   3.0  12.0 36.35718 -119.97275  6.36
-65.0   9.0  12.0 35.64565 -121.11956  5.86
-40.0   9.0  12.0 35.79045 -120.90804  6.38
-25.0   9.0  12.0 35.87733 -120.78095  6.60
-15.0   9.0  12.0 35.93524 -120.69615  6.45
 -8.0   9.0  12.0 35.97579 -120.63675  6.12
 -3.0   9.0  12.0 36.00475 -120.59430  6.33
 -1.0   9.0  12.0 36.01633 -120.57732  6.32
  1.0   9.0  12.0 36.02791 -120.56033  5.55
  5.0   9.0  12.0 36.05108 -120.52635  4.99
 10.0   9.0  12.0 36.08004 -120.48387  5.10
 17.0   9.0  12.0 36.12058 -120.42436  5.94
 24.0   9.0  12.0 36.16113 -120.36482  6.05
 27.0   9.0  12.0 36.17850 -120.33929  5.97
 30.0   9.0  12.0 36.19588 -120.31376  6.28
 33.0   9.0  12.0 36.21325 -120.28822  5.94
 38.0   9.0  12.0 36.24221 -120.24565  6.09
 45.0   9.0  12.0 36.28276 -120.18602  6.25
 65.0   9.0  12.0 36.39860 -120.01548  6.26
-65.0  15.0  12.0 35.68706 -121.16240  5.85
-40.0  15.0  12.0 35.83186 -120.95087  6.53
-25.0  15.0  12.0 35.91874 -120.82377  6.09
-15.0  15.0  12.0 35.97666 -120.73895  6.48
 -8.0  15.0  12.0 36.01720 -120.67955  6.36
 -3.0  15.0  12.0 36.04616 -120.63710  6.32
 -1.0  15.0  12.0 36.05775 -120.62012  6.49
  1.0  15.0  12.0 36.06933 -120.60313  5.34
  5.0  15.0  12.0 36.09250 -120.56915  5.45
 10.0  15.0  12.0 36.12146 -120.52666  5.94
 17.0  15.0  12.0 36.16200 -120.46714  6.18
 24.0  15.0  12.0 36.20254 -120.40760  6.03
 27.0  15.0  12.0 36.21992 -120.38207  6.19
 30.0  15.0  12.0 36.23729 -120.35654  6.03
 33.0  15.0  12.0 36.25467 -120.33100  6.09
 38.0  15.0  12.0 36.28363 -120.28842  6.22
 45.0  15.0  12.0 36.32417 -120.22879  6.72
 65.0  15.0  12.0 36.44001 -120.05823  6.22
-65.0  21.0  12.0 35.72848 -121.20526  6.21
-40.0  21.0  12.0 35.87328 -120.99371  6.51
-25.0  21.0  12.0 35.96016 -120.86660  6.27
-15.0  21.0  12.0 36.01807 -120.78178  6.45
 -8.0  21.0  12.0 36.05862 -120.72238  6.25
 -3.0  21.0  12.0 36.08758 -120.67992  6.03
 -1.0  21.0  12.0 36.09916 -120.66294  6.56
  1.0  21.0  12.0 36.11074 -120.64595  5.72
  5.0  21.0  12.0 36.13391 -120.61196  5.66
 10.0  21.0  12.0 36.16287 -120.56947  6.45
 17.0  21.0  12.0 36.20341 -120.50995  5.83
 24.0  21.0  12.0 36.24396 -120.45040  6.20
 27.0  21.0  12.0 36.26133 -120.42487  5.76
 30.0  21.0  12.0 36.27871 -120.39934  5.62
 33.0  21.0  12.0 36.29608 -120.37380  5.70
 38.0  21.0  12.0 36.32504 -120.33122  6.14
 45.0  21.0  12.0 36.36559 -120.27158  5.72
 65.0  21.0  12.0 36.48143 -120.10101  6.21
-65.0  30.0  12.0 35.79060 -121.26959  6.57
-40.0  30.0  12.0 35.93540 -121.05802  7.04
-25.0  30.0  12.0 36.02228 -120.93090  6.01
-15.0  30.0  12.0 36.08020 -120.84607  6.16
 -8.0  30.0  12.0 36.12074 -120.78665  6.35
 -3.0  30.0  12.0 36.14970 -120.74420  6.06
 -1.0  30.0  12.0 36.16128 -120.72721  5.95
  1.0  30.0  12.0 36.17287 -120.71022  5.62
  5.0  30.0  12.0 36.19603 -120.67623  5.29
 10.0  30.0  12.0 36.22499 -120.63373  5.71
 17.0  30.0  12.0 36.26554 -120.57421  6.12
 24.0  30.0  12.0 36.30608 -120.51465  6.29
 27.0  30.0  12.0 36.32346 -120.48912  6.00
 30.0  30.0  12.0 36.34083 -120.46358  5.82
 33.0  30.0  12.0 36.35821 -120.43804  5.93
 38.0  30.0  12.0 36.38717 -120.39545  6.55
 45.0  30.0  12.0 36.42771 -120.33580  6.54
 65.0  30.0  12.0 36.54355 -120.16522  6.20
-65.0  40.0  12.0 35.85963 -121.34113  7.37
-40.0  40.0  12.0 36.00442 -121.12954  6.61
-25.0  40.0  12.0 36.09130 -121.00240  6.50
-15.0  40.0  12.0 36.14922 -120.91756  6.14
 -8.0  40.0  12.0 36.18977 -120.85814  6.01
 -3.0  40.0  12.0 36.21872 -120.81567  6.41
 -1.0  40.0  12.0 36.23031 -120.79868  6.14
  1.0  40.0  12.0 36.24189 -120.78169  5.70
  5.0  40.0  12.0 36.26506 -120.74770  5.80
 10.0  40.0  12.0 36.29402 -120.70519  6.01
 17.0  40.0  12.0 36.33456 -120.64566  6.80
 24.0  40.0  12.0 36.37511 -120.58610  6.33
 27.0  40.0  12.0 36.39248 -120.56056  6.03
 30.0  40.0  12.0 36.40986 -120.53502  6.03
 33.0  40.0  12.0 36.42723 -120.50947  6.07
 38.0  40.0  12.0 36.45619 -120.46688  6.19
 45.0  40.0  12.0 36.49674 -120.40723  6.17
 65.0  40.0  12.0 36.61257 -120.23662  6.20
-65.0  50.0  12.0 35.92865 -121.41274  7.21
-40.0  50.0  12.0 36.07345 -121.20112  6.12
-25.0  50.0  12.0 36.16033 -121.07396  5.90
-15.0  50.0  12.0 36.21825 -120.98911  5.75
 -8.0  50.0  12.0 36.25879 -120.92968  5.72
 -3.0  50.0  12.0 36.28775 -120.88721  6.19
 -1.0  50.0  12.0 36.29933 -120.87022  6.53
  1.0  50.0  12.0 36.31092 -120.85322  6.10
  5.0  50.0  12.0 36.33408 -120.81923  6.65
 10.0  50.0  12.0 36.36304 -120.77672  5.93
 17.0  50.0  12.0 36.40359 -120.71718  7.02
 24.0  50.0  12.0 36.44413 -120.65761  6.02
 27.0  50.0  12.0 36.46151 -120.63207  6.30
 30.0  50.0  12.0 36.47888 -120.60652  6.26
 33.0  50.0  12.0 36.49626 -120.58097  6.23
 38.0  50.0  12.0 36.52522 -120.53838  6.20
 45.0  50.0  12.0 36.56576 -120.47871  6.19
 65.0  50.0  12.0 36.68160 -120.30808  6.20
-65.0 -70.0  16.0 35.10035 -120.55757  6.68
-40.0 -70.0  16.0 35.24515 -120.34627  6.50
-25.0 -70.0  16.0 35.33203 -120.21930  6.60
-15.0 -70.0  16.0 35.38995 -120.13458  6.67
 -8.0 -70.0  16.0 35.43049 -120.07524  6.72
 -3.0 -70.0  16.0 35.45945 -120.03284  6.65
 -1.0 -70.0  16.0 35.47103 -120.01587  6.57
  1.0 -70.0  16.0 35.48262 -119.99890  6.56
  5.0 -70.0  16.0 35.50578 -119.96496  6.53
 10.0 -70.0  16.0 35.53474 -119.92252  6.48
 17.0 -70.0  16.0 35.57529 -119.86307  6.46
 24.0 -70.0  16.0 35.61583 -119.80359  6.60
 27.0 -70.0  16.0 35.63321 -119.77809  6.60
 30.0 -70.0  16.0 35.65058 -119.75259  6.60
 33.0 -70.0  16.0 35.66796 -119.72708  6.60
 38.0 -70.0  16.0 35.69692 -119.68455  7.72
 45.0 -70.0  16.0 35.73746 -119.62498  6.60
 65.0 -70.0  16.0 35.85330 -119.45462  6.60
-65.0 -50.0  16.0 35.23840 -120.69949  6.55
-40.0 -50.0  16.0 35.38320 -120.48813  6.47
-25.0 -50.0  16.0 35.47008 -120.36113  6.50
-15.0 -50.0  16.0 35.52800 -120.27639  6.10
 -8.0 -50.0  16.0 35.56854 -120.21703  6.37
 -3.0 -50.0  16.0 35.59750 -120.17462  5.59
 -1.0 -50.0  16.0 35.60908 -120.15765  5.72
  1.0 -50.0  16.0 35.62067 -120.14068  5.93
  5.0 -50.0  16.0 35.64383 -120.10672  6.65
 10.0 -50.0  16.0 35.67279 -120.06427  6.52
 17.0 -50.0  16.0 35.71334 -120.00481  5.90
 24.0 -50.0  16.0 35.75388 -119.94531  5.75
 27.0 -50.0  16.0 35.77126 -119.91981  6.61
 30.0 -50.0  16.0 35.78863 -119.89429  7.38
 33.0 -50.0  16.0 35.80601 -119.86878  7.61
 38.0 -50.0  16.0 35.83497 -119.82624  6.84
 45.0 -50.0  16.0 35.87551 -119.76665  6.60
 65.0 -50.0  16.0 35.99135 -119.59625  6.60
-65.0 -40.0  16.0 35.30743 -120.77054  6.48
-40.0 -40.0  16.0 35.45222 -120.55915  6.62
-25.0 -40.0  16.0 35.53910 -120.43214  5.64
-15.0 -40.0  16.0 35.59702 -120.34738  6.02
 -8.0 -40.0  16.0 35.63756 -120.28802  6.27
 -3.0 -40.0  16.0 35.66652 -120.24560  5.95
 -1.0 -40.0  16.0 35.67811 -120.22863  6.55
  1.0 -40.0  16.0 35.68969 -120.21165  6.05
  5.0 -40.0  16.0 35.71286 -120.17770  6.32
 10.0 -40.0  16.0 35.74182 -120.13524  6.46
 17.0 -40.0  16.0 35.78236 -120.07577  5.78
 24.0 -40.0  16.0 35.82291 -120.01627  5.53
 27.0 -40.0  16.0 35.84028 -119.99076  6.55
 30.0 -40.0  16.0 35.85766 -119.96524  7.00
 33.0 -40.0  16.0 35.87503 -119.93972  7.11
 38.0 -40.0  16.0 35.90399 -119.89717  6.71
 45.0 -40.0  16.0 35.94453 -119.83758  6.59
 65.0 -40.0  16.0 36.06037 -119.66715  6.60
-65.0 -30.0  16.0 35.37645 -120.84165  7.16
-40.0 -30.0  16.0 35.52125 -120.63023  6.95
-25.0 -30.0  16.0 35.60813 -120.50320  6.03
-15.0 -30.0  16.0 35.66605 -120.41844  6.84
 -8.0 -30.0  16.0 35.70659 -120.35907  6.09
 -3.0 -30.0  16.0 35.73555 -120.31664  5.77
 -1.0 -30.0  16.0 35.74713 -120.29967  6.52
  1.0 -30.0  16.0 35.75872 -120.28269  5.54
  5.0 -30.0  16.0 35.78188 -120.24873  5.79
 10.0 -30.0  16.0 35.81084 -120.20627  6.46
 17.0 -30.0  16.0 35.85139 -120.14679  6.46
 24.0 -30.0  16.0 35.89193 -120.08728  5.60
 27.0 -30.0  16.0 35.90931 -120.06177  6.51
 30.0 -30.0  16.0 35.92668 -120.03625  6.62
 33.0 -30.0  16.0 35.94406 -120.01072  6.61
 38.0 -30.0  16.0 35.97302 -119.96817  6.59
 45.0 -30.0  16.0 36.01356 -119.90857  6.59
 65.0 -30.0  16.0 36.12940 -119.73812  6.60
-65.0 -21.0  16.0 35.43857 -120.90570  7.26
-40.0 -21.0  16.0 35.58337 -120.69426  6.74
-25.0 -21.0  16.0 35.67025 -120.56722  6.41
-15.0 -21.0  16.0 35.72817 -120.48244  6.58
 -8.0 -21.0  16.0 35.76871 -120.42307  6.58
 -3.0 -21.0  16.0 35.79767 -120.38064  5.57
 -1.0 -21.0  16.0 35.80926 -120.36366  5.97
  1.0 -21.0  16.0 35.82084 -120.34668  5.57
  5.0 -21.0  16.0 35.84401 -120.31271  5.49
 10.0 -21.0  16.0 35.87297 -120.27024  6.32
 17.0 -21.0  16.0 35.91351 -120.21076  6.69
 24.0 -21.0  16.0 35.95405 -120.15124  6.28
 27.0 -21.0  16.0 35.97143 -120.12573  6.28
 30.0 -21.0  16.0 35.98880 -120.10021  6.05
 33.0 -21.0  16.0 36.00618 -120.07468  6.12
 38.0 -21.0  16.0 36.03514 -120.03212  6.52
 45.0 -21.0  16.0 36.07568 -119.97251  6.57
 65.0 -21.0  16.0 36.19152 -119.80204  6.61
-65.0 -15.0  16.0 35.47999 -120.94842  7.49
-40.0 -15.0  16.0 35.62479 -120.73697  6.22
-25.0 -15.0  16.0 35.71167 -120.60992  6.08
-15.0 -15.0  16.0 35.76958 -120.52514  5.65
 -8.0 -15.0  16.0 35.81013 -120.46576  6.20
 -3.0 -15.0  16.0 35.83909 -120.42332  5.94
 -1.0 -15.0  16.0 35.85067 -120.40635  6.32
  1.0 -15.0  16.0 35.86225 -120.38937  5.96
  5.0 -15.0  16.0 35.88542 -120.35540  5.47
 10.0 -15.0  16.0 35.91438 -120.31292  6.79
 17.0 -15.0  16.0 35.95492 -120.25343  6.49
 24.0 -15.0  16.0 35.99547 -120.19391  6.67
 27.0 -15.0  16.0 36.01284 -120.16840  6.46
 30.0 -15.0  16.0 36.03022 -120.14287  6.23
 33.0 -15.0  16.0 36.04759 -120.11734  6.06
 38.0 -15.0  16.0 36.07655 -120.07478  6.23
 45.0 -15.0  16.0 36.11710 -120.01517  6.62
 65.0 -15.0  16.0 36.23294 -119.84468  6.62
-65.0  -9.0  16.0 35.52140 -120.99118  7.60
-40.0  -9.0  16.0 35.66620 -120.77971  6.47
-25.0  -9.0  16.0 35.75308 -120.65264  6.28
-15.0  -9.0  16.0 35.81100 -120.56786  6.64
 -8.0  -9.0  16.0 35.85154 -120.50847  6.27
 -3.0  -9.0  16.0 35.88050 -120.46604  6.06
 -1.0  -9.0  16.0 35.89209 -120.44906  6.30
  1.0  -9.0  16.0 35.90367 -120.43207  6.10
  5.0  -9.0  16.0 35.92684 -120.39810  5.39
 10.0  -9.0  16.0 35.95580 -120.35563  6.23
 17.0  -9.0  16.0 35.99634 -120.29613  6.54
 24.0  -9.0  16.0 36.03688 -120.23661  6.46
 27.0  -9.0  16.0 36.05426 -120.21109  6.80
 30.0  -9.0  16.0 36.07163 -120.18556  6.54
 33.0  -9.0  16.0 36.08901 -120.16003  6.20
 38.0  -9.0  16.0 36.11797 -120.11747  6.10
 45.0  -9.0  16.0 36.15851 -120.05785  6.90
 65.0  -9.0  16.0 36.27435 -119.88735  6.79
-65.0  -3.0  16.0 35.56282 -121.03395  7.16
-40.0  -3.0  16.0 35.70762 -120.82246  5.98
-25.0  -3.0  16.0 35.79450 -120.69539  6.08
-15.0  -3.0  16.0 35.85241 -120.61060  6.51
 -8.0  -3.0  16.0 35.89296 -120.55121  6.09
 -3.0  -3.0  16.0 35.92192 -120.50877  6.14
 -1.0  -3.0  16.0 35.93350 -120.49179  6.50
  1.0  -3.0  16.0 35.94508 -120.47480  6.02
  5.0  -3.0  16.0 35.96825 -120.44083  5.13
 10.0  -3.0  16.0 35.99721 -120.39835  5.64
 17.0  -3.0  16.0 36.03775 -120.33885  6.66
 24.0  -3.0  16.0 36.07830 -120.27932  6.56
 27.0  -3.0  16.0 36.09567 -120.25380  6.91
 30.0  -3.0  16.0 36.11305 -120.22827  6.29
 33.0  -3.0  16.0 36.13042 -120.20274  5.89
 38.0  -3.0  16.0 36.15938 -120.16017  6.11
 45.0  -3.0  16.0 36.19993 -120.10055  6.87
 65.0  -3.0  16.0 36.31577 -119.93004  6.63
-65.0   3.0  16.0 35.60423 -121.07674  6.15
-40.0   3.0  16.0 35.74903 -120.86524  5.94
-25.0   3.0  16.0 35.83591 -120.73816  6.18
-15.0   3.0  16.0 35.89383 -120.65336  6.44
 -8.0   3.0  16.0 35.93437 -120.59397  6.04
 -3.0   3.0  16.0 35.96333 -120.55152  5.75
 -1.0   3.0  16.0 35.97492 -120.53454  5.63
  1.0   3.0  16.0 35.98650 -120.51756  5.83
  5.0   3.0  16.0 36.00967 -120.48358  5.62
 10.0   3.0  16.0 36.03863 -120.44110  5.80
 17.0   3.0  16.0 36.07917 -120.38159  6.87
 24.0   3.0  16.0 36.11971 -120.32206  6.69
 27.0   3.0  16.0 36.13709 -120.29654  6.78
 30.0   3.0  16.0 36.15446 -120.27101  6.43
 33.0   3.0  16.0 36.17184 -120.24547  6.22
 38.0   3.0  16.0 36.20080 -120.20290  6.49
 45.0   3.0  16.0 36.24134 -120.14327  7.52
 65.0   3.0  16.0 36.35718 -119.97275  6.61
-65.0   9.0  16.0 35.64565 -121.11956  5.77
-40.0   9.0  16.0 35.79045 -120.90804  6.11
-25.0   9.0  16.0 35.87733 -120.78095  6.40
-15.0   9.0  16.0 35.93524 -120.69615  6.49
 -8.0   9.0  16.0 35.97579 -120.63675  5.69
 -3.0   9.0  16.0 36.00475 -120.59430  5.48
 -1.0   9.0  16.0 36.01633 -120.57732  5.72
  1.0   9.0  16.0 36.02791 -120.56033  5.79
  5.0   9.0  16.0 36.05108 -120.52635  5.78
 10.0   9.0  16.0 36.08004 -120.48387  6.06
 17.0   9.0  16.0 36.12058 -120.42436  7.07
 24.0   9.0  16.0 36.16113 -120.36482  6.76
 27.0   9.0  16.0 36.17850 -120.33929  6.47
 30.0   9.0  16.0 36.19588 -120.31376  6.29
 33.0   9.0  16.0 36.21325 -120.28822  6.75
 38.0   9.0  16.0 36.24221 -120.24565  6.89
 45.0   9.0  16.0 36.28276 -120.18602  6.91
 65.0   9.0  16.0 36.39860 -120.01548  6.60
-65.0  15.0  16.0 35.68706 -121.16240  5.94
-40.0  15.0  16.0 35.83186 -120.95087  5.98
-25.0  15.0  16.0 35.91874 -120.82377  6.37
-15.0  15.0  16.0 35.97666 -120.73895  6.71
 -8.0  15.0  16.0 36.01720 -120.67955  5.79
 -3.0  15.0  16.0 36.04616 -120.63710  5.54
 -1.0  15.0  16.0 36.05775 -120.62012  5.84
  1.0  15.0  16.0 36.06933 -120.60313  5.80
  5.0  15.0  16.0 36.09250 -120.56915  5.96
 10.0  15.0  16.0 36.12146 -120.52666  6.08
 17.0  15.0  16.0 36.16200 -120.46714  7.16
 24.0  15.0  16.0 36.20254 -120.40760  7.04
 27.0  15.0  16.0 36.21992 -120.38207  6.54
 30.0  15.0  16.0 36.23729 -120.35654  6.42
 33.0  15.0  16.0 36.25467 -120.33100  6.70
 38.0  15.0  16.0 36.28363 -120.28842  6.35
 45.0  15.0  16.0 36.32417 -120.22879  6.55
 65.0  15.0  16.0 36.44001 -120.05823  6.60
-65.0  21.0  16.0 35.72848 -121.20526  5.86
-40.0  21.0  16.0 35.87328 -120.99371  7.33
-25.0  21.0  16.0 35.96016 -120.86660  6.11
-15.0  21.0  16.0 36.01807 -120.78178  6.01
 -8.0  21.0  16.0 36.05862 -120.72238  6.38
 -3.0  21.0  16.0 36.08758 -120.67992  6.08
 -1.0  21.0  16.0 36.09916 -120.66294  6.03
  1.0  21.0  16.0 36.11074 -120.64595  5.69
  5.0  21.0  16.0 36.13391 -120.61196  5.80
 10.0  21.0  16.0 36.16287 -120.56947  6.28
 17.0  21.0  16.0 36.20341 -120.50995  7.34
 24.0  21.0  16.0 36.24396 -120.45040  6.57
 27.0  21.0  16.0 36.26133 -120.42487  6.03
 30.0  21.0  16.0 36.27871 -120.39934  5.97
 33.0  21.0  16.0 36.29608 -120.37380  6.00
 38.0  21.0  16.0 36.32504 -120.33122  6.58
 45.0  21.0  16.0 36.36559 -120.27158  7.06
 65.0  21.0  16.0 36.48143 -120.10101  6.82
-65.0  30.0  16.0 35.79060 -121.26959  6.41
-40.0  30.0  16.0 35.93540 -121.05802  6.98
-25.0  30.0  16.0 36.02228 -120.93090  6.27
-15.0  30.0  16.0 36.08020 -120.84607  6.04
 -8.0  30.0  16.0 36.12074 -120.78665  6.43
 -3.0  30.0  16.0 36.14970 -120.74420  5.87
 -1.0  30.0  16.0 36.16128 -120.72721  5.72
  1.0  30.0  16.0 36.17287 -120.71022  5.59
  5.0  30.0  16.0 36.19603 -120.67623  5.99
 10.0  30.0  16.0 36.22499 -120.63373  6.41
 17.0  30.0  16.0 36.26554 -120.57421  6.87
 24.0  30.0  16.0 36.30608 -120.51465  6.56
 27.0  30.0  16.0 36.32346 -120.48912  6.47
 30.0  30.0  16.0 36.34083 -120.46358  6.75
 33.0  30.0  16.0 36.35821 -120.43804  6.72
 38.0  30.0  16.0 36.38717 -120.39545  6.82
 45.0  30.0  16.0 36.42771 -120.33580  6.64
 65.0  30.0  16.0 36.54355 -120.16522  6.60
-65.0  40.0  16.0 35.85963 -121.34113  6.63
-40.0  40.0  16.0 36.00442 -121.12954  6.35
-25.0  40.0  16.0 36.09130 -121.00240  6.22
-15.0  40.0  16.0 36.14922 -120.91756  5.99
 -8.0  40.0  16.0 36.18977 -120.85814  6.33
 -3.0  40.0  16.0 36.21872 -120.81567  6.14
 -1.0  40.0  16.0 36.23031 -120.79868  6.18
  1.0  40.0  16.0 36.24189 -120.78169  6.17
  5.0  40.0  16.0 36.26506 -120.74770  6.28
 10.0  40.0  16.0 36.29402 -120.70519  6.21
 17.0  40.0  16.0 36.33456 -120.64566  7.00
 24.0  40.0  16.0 36.37511 -120.58610  6.57
 27.0  40.0  16.0 36.39248 -120.56056  6.42
 30.0  40.0  16.0 36.40986 -120.53502  6.66
 33.0  40.0  16.0 36.42723 -120.50947  6.81
 38.0  40.0  16.0 36.45619 -120.46688  6.78
 45.0  40.0  16.0 36.49674 -120.40723  6.64
 65.0  40.0  16.0 36.61257 -120.23662  6.60
-65.0  50.0  16.0 35.92865 -121.41274  6.68
-40.0  50.0  16.0 36.07345 -121.20112  5.78
-25.0  50.0  16.0 36.16033 -121.07396  5.99
-15.0  50.0  16.0 36.21825 -120.98911  6.12
 -8.0  50.0  16.0 36.25879 -120.92968  6.11
 -3.0  50.0  16.0 36.28775 -120.88721  6.26
 -1.0  50.0  16.0 36.29933 -120.87022  6.30
  1.0  50.0  16.0 36.31092 -120.85322  6.19
  5.0  50.0  16.0 36.33408 -120.81923  6.05
 10.0  50.0  16.0 36.36304 -120.77672  5.86
 17.0  50.0  16.0 36.40359 -120.71718  6.47
 24.0  50.0  16.0 36.44413 -120.65761  6.74
 27.0  50.0  16.0 36.46151 -120.63207  6.68
 30.0  50.0  16.0 36.47888 -120.60652  6.67
 33.0  50.0  16.0 36.49626 -120.58097  6.66
 38.0  50.0  16.0 36.52522 -120.53838  6.64
 45.0  50.0  16.0 36.56576 -120.47871  6.63
 65.0  50.0  16.0 36.68160 -120.30808  6.60
-65.0 -70.0  22.0 35.10035 -120.55757  7.40
-40.0 -70.0  22.0 35.24515 -120.34627  7.18
-25.0 -70.0  22.0 35.33203 -120.21930  7.25
-15.0 -70.0  22.0 35.38995 -120.13458  7.30
 -8.0 -70.0  22.0 35.43049 -120.07524  7.30
 -3.0 -70.0  22.0 35.45945 -120.03284  7.30
 -1.0 -70.0  22.0 35.47103 -120.01587  7.30
  1.0 -70.0  22.0 35.48262 -119.99890  7.30
  5.0 -70.0  22.0 35.50578 -119.96496  7.30
 10.0 -70.0  22.0 35.53474 -119.92252  7.30
 17.0 -70.0  22.0 35.57529 -119.86307  7.30
 24.0 -70.0  22.0 35.61583 -119.80359  7.30
 27.0 -70.0  22.0 35.63321 -119.77809  7.30
 30.0 -70.0  22.0 35.65058 -119.75259  7.30
 33.0 -70.0  22.0 35.66796 -119.72708  7.30
 38.0 -70.0  22.0 35.69692 -119.68455  7.30
 45.0 -70.0  22.0 35.73746 -119.62498  7.30
 65.0 -70.0  22.0 35.85330 -119.45462  7.30
-65.0 -50.0  22.0 35.23840 -120.69949  7.29
-40.0 -50.0  22.0 35.38320 -120.48813  7.36
-25.0 -50.0  22.0 35.47008 -120.36113  6.90
-15.0 -50.0  22.0 35.52800 -120.27639  7.30
 -8.0 -50.0  22.0 35.56854 -120.21703  6.73
 -3.0 -50.0  22.0 35.59750 -120.17462  5.78
 -1.0 -50.0  22.0 35.60908 -120.15765  6.36
  1.0 -50.0  22.0 35.62067 -120.14068  6.89
  5.0 -50.0  22.0 35.64383 -120.10672  7.17
 10.0 -50.0  22.0 35.67279 -120.06427  7.30
 17.0 -50.0  22.0 35.71334 -120.00481  7.30
 24.0 -50.0  22.0 35.75388 -119.94531  7.30
 27.0 -50.0  22.0 35.77126 -119.91981  7.30
 30.0 -50.0  22.0 35.78863 -119.89429  7.30
 33.0 -50.0  22.0 35.80601 -119.86878  7.30
 38.0 -50.0  22.0 35.83497 -119.82624  7.30
 45.0 -50.0  22.0 35.87551 -119.76665  7.30
 65.0 -50.0  22.0 35.99135 -119.59625  7.30
-65.0 -40.0  22.0 35.30743 -120.77054  7.41
-40.0 -40.0  22.0 35.45222 -120.55915  6.92
-25.0 -40.0  22.0 35.53910 -120.43214  5.89
-15.0 -40.0  22.0 35.59702 -120.34738  6.55
 -8.0 -40.0  22.0 35.63756 -120.28802  6.07
 -3.0 -40.0  22.0 35.66652 -120.24560  6.15
 -1.0 -40.0  22.0 35.67811 -120.22863  6.53
  1.0 -40.0  22.0 35.68969 -120.21165  6.63
  5.0 -40.0  22.0 35.71286 -120.17770  6.41
 10.0 -40.0  22.0 35.74182 -120.13524  6.38
 17.0 -40.0  22.0 35.78236 -120.07577  6.89
 24.0 -40.0  22.0 35.82291 -120.01627  6.84
 27.0 -40.0  22.0 35.84028 -119.99076  7.30
 30.0 -40.0  22.0 35.85766 -119.96524  7.30
 33.0 -40.0  22.0 35.87503 -119.93972  7.30
 38.0 -40.0  22.0 35.90399 -119.89717  7.30
 45.0 -40.0  22.0 35.94453 -119.83758  7.30
 65.0 -40.0  22.0 36.06037 -119.66715  7.30
-65.0 -30.0  22.0 35.37645 -120.84165  8.11
-40.0 -30.0  22.0 35.52125 -120.63023  7.21
-25.0 -30.0  22.0 35.60813 -120.50320  6.22
-15.0 -30.0  22.0 35.66605 -120.41844  6.67
 -8.0 -30.0  22.0 35.70659 -120.35907  5.75
 -3.0 -30.0  22.0 35.73555 -120.31664  5.95
 -1.0 -30.0  22.0 35.74713 -120.29967  6.76
  1.0 -30.0  22.0 35.75872 -120.28269  6.92
  5.0 -30.0  22.0 35.78188 -120.24873  6.83
 10.0 -30.0  22.0 35.81084 -120.20627  6.07
 17.0 -30.0  22.0 35.85139 -120.14679  6.08
 24.0 -30.0  22.0 35.89193 -120.08728  6.56
 27.0 -30.0  22.0 35.90931 -120.06177  7.30
 30.0 -30.0  22.0 35.92668 -120.03625  7.30
 33.0 -30.0  22.0 35.94406 -120.01072  7.30
 38.0 -30.0  22.0 35.97302 -119.96817  7.30
 45.0 -30.0  22.0 36.01356 -119.90857  7.30
 65.0 -30.0  22.0 36.12940 -119.73812  7.30
-65.0 -21.0  22.0 35.43857 -120.90570  7.22
-40.0 -21.0  22.0 35.58337 -120.69426  6.77
-25.0 -21.0  22.0 35.67025 -120.56722  6.61
-15.0 -21.0  22.0 35.72817 -120.48244  6.53
 -8.0 -21.0  22.0 35.76871 -120.42307  6.36
 -3.0 -21.0  22.0 35.79767 -120.38064  6.16
 -1.0 -21.0  22.0 35.80926 -120.36366  7.22
  1.0 -21.0  22.0 35.82084 -120.34668  8.05
  5.0 -21.0  22.0 35.84401 -120.31271  6.79
 10.0 -21.0  22.0 35.87297 -120.27024  6.83
 17.0 -21.0  22.0 35.91351 -120.21076  7.43
 24.0 -21.0  22.0 35.95405 -120.15124  6.43
 27.0 -21.0  22.0 35.97143 -120.12573  7.11
 30.0 -21.0  22.0 35.98880 -120.10021  7.30
 33.0 -21.0  22.0 36.00618 -120.07468  7.30
 38.0 -21.0  22.0 36.03514 -120.03212  7.30
 45.0 -21.0  22.0 36.07568 -119.97251  7.30
 65.0 -21.0  22.0 36.19152 -119.80204  7.30
-65.0 -15.0  22.0 35.47999 -120.94842  6.97
-40.0 -15.0  22.0 35.62479 -120.73697  6.58
-25.0 -15.0  22.0 35.71167 -120.60992  6.62
-15.0 -15.0  22.0 35.76958 -120.52514  6.11
 -8.0 -15.0  22.0 35.81013 -120.46576  6.56
 -3.0 -15.0  22.0 35.83909 -120.42332  6.77
 -1.0 -15.0  22.0 35.85067 -120.40635  6.99
  1.0 -15.0  22.0 35.86225 -120.38937  7.05
  5.0 -15.0  22.0 35.88542 -120.35540  6.54
 10.0 -15.0  22.0 35.91438 -120.31292  7.18
 17.0 -15.0  22.0 35.95492 -120.25343  7.20
 24.0 -15.0  22.0 35.99547 -120.19391  7.27
 27.0 -15.0  22.0 36.01284 -120.16840  7.44
 30.0 -15.0  22.0 36.03022 -120.14287  6.90
 33.0 -15.0  22.0 36.04759 -120.11734  7.22
 38.0 -15.0  22.0 36.07655 -120.07478  7.30
 45.0 -15.0  22.0 36.11710 -120.01517  7.30
 65.0 -15.0  22.0 36.23294 -119.84468  7.30
-65.0  -9.0  22.0 35.52140 -120.99118  7.40
-40.0  -9.0  22.0 35.66620 -120.77971  6.36
-25.0  -9.0  22.0 35.75308 -120.65264  6.71
-15.0  -9.0  22.0 35.81100 -120.56786  6.41
 -8.0  -9.0  22.0 35.85154 -120.50847  6.32
 -3.0  -9.0  22.0 35.88050 -120.46604  6.39
 -1.0  -9.0  22.0 35.89209 -120.44906  6.76
  1.0  -9.0  22.0 35.90367 -120.43207  6.80
  5.0  -9.0  22.0 35.92684 -120.39810  6.25
 10.0  -9.0  22.0 35.95580 -120.35563  6.76
 17.0  -9.0  22.0 35.99634 -120.29613  7.42
 24.0  -9.0  22.0 36.03688 -120.23661  7.56
 27.0  -9.0  22.0 36.05426 -120.21109  8.02
 30.0  -9.0  22.0 36.07163 -120.18556  7.30
 33.0  -9.0  22.0 36.08901 -120.16003  7.30
 38.0  -9.0  22.0 36.11797 -120.11747  7.30
 45.0  -9.0  22.0 36.15851 -120.05785  7.30
 65.0  -9.0  22.0 36.27435 -119.88735  7.30
-65.0  -3.0  22.0 35.56282 -121.03395  7.30
-40.0  -3.0  22.0 35.70762 -120.82246  6.72
-25.0  -3.0  22.0 35.79450 -120.69539  6.88
-15.0  -3.0  22.0 35.85241 -120.61060  6.66
 -8.0  -3.0  22.0 35.89296 -120.55121  6.36
 -3.0  -3.0  22.0 35.92192 -120.50877  6.51
 -1.0  -3.0  22.0 35.93350 -120.49179  6.74
  1.0  -3.0  22.0 35.94508 -120.47480  6.74
  5.0  -3.0  22.0 35.96825 -120.44083  6.59
 10.0  -3.0  22.0 35.99721 -120.39835  6.70
 17.0  -3.0  22.0 36.03775 -120.33885  7.47
 24.0  -3.0  22.0 36.07830 -120.27932  7.32
 27.0  -3.0  22.0 36.09567 -120.25380  7.87
 30.0  -3.0  22.0 36.11305 -120.22827  7.46
 33.0  -3.0  22.0 36.13042 -120.20274  7.30
 38.0  -3.0  22.0 36.15938 -120.16017  7.30
 45.0  -3.0  22.0 36.19993 -120.10055  7.30
 65.0  -3.0  22.0 36.31577 -119.93004  7.30
-65.0   3.0  22.0 35.60423 -121.07674  7.12
-40.0   3.0  22.0 35.74903 -120.86524  6.68
-25.0   3.0  22.0 35.83591 -120.73816  6.88
-15.0   3.0  22.0 35.89383 -120.65336  6.54
 -8.0   3.0  22.0 35.93437 -120.59397  6.48
 -3.0   3.0  22.0 35.96333 -120.55152  6.43
 -1.0   3.0  22.0 35.97492 -120.53454  6.57
  1.0   3.0  22.0 35.98650 -120.51756  6.75
  5.0   3.0  22.0 36.00967 -120.48358  6.83
 10.0   3.0  22.0 36.03863 -120.44110  6.83
 17.0   3.0  22.0 36.07917 -120.38159  7.64
 24.0   3.0  22.0 36.11971 -120.32206  7.25
 27.0   3.0  22.0 36.13709 -120.29654  7.67
 30.0   3.0  22.0 36.15446 -120.27101  7.43
 33.0   3.0  22.0 36.17184 -120.24547  7.30
 38.0   3.0  22.0 36.20080 -120.20290  7.30
 45.0   3.0  22.0 36.24134 -120.14327  7.30
 65.0   3.0  22.0 36.35718 -119.97275  7.30
-65.0   9.0  22.0 35.64565 -121.11956  7.18
-40.0   9.0  22.0 35.79045 -120.90804  6.43
-25.0   9.0  22.0 35.87733 -120.78095  6.96
-15.0   9.0  22.0 35.93524 -120.69615  6.55
 -8.0   9.0  22.0 35.97579 -120.63675  6.44
 -3.0   9.0  22.0 36.00475 -120.59430  6.42
 -1.0   9.0  22.0 36.01633 -120.57732  6.45
  1.0   9.0  22.0 36.02791 -120.56033  6.53
  5.0   9.0  22.0 36.05108 -120.52635  7.09
 10.0   9.0  22.0 36.08004 -120.48387  6.41
 17.0   9.0  22.0 36.12058 -120.42436  6.70
 24.0   9.0  22.0 36.16113 -120.36482  7.18
 27.0   9.0  22.0 36.17850 -120.33929  7.48
 30.0   9.0  22.0 36.19588 -120.31376  7.31
 33.0   9.0  22.0 36.21325 -120.28822  7.12
 38.0   9.0  22.0 36.24221 -120.24565  7.30
 45.0   9.0  22.0 36.28276 -120.18602  7.30
 65.0   9.0  22.0 36.39860 -120.01548  7.30
-65.0  15.0  22.0 35.68706 -121.16240  7.30
-40.0  15.0  22.0 35.83186 -120.95087  6.73
-25.0  15.0  22.0 35.91874 -120.82377  6.94
-15.0  15.0  22.0 35.97666 -120.73895  6.76
 -8.0  15.0  22.0 36.01720 -120.67955  6.31
 -3.0  15.0  22.0 36.04616 -120.63710  6.02
 -1.0  15.0  22.0 36.05775 -120.62012  6.39
  1.0  15.0  22.0 36.06933 -120.60313  6.08
  5.0  15.0  22.0 36.09250 -120.56915  6.84
 10.0  15.0  22.0 36.12146 -120.52666  6.45
 17.0  15.0  22.0 36.16200 -120.46714  6.71
 24.0  15.0  22.0 36.20254 -120.40760  6.98
 27.0  15.0  22.0 36.21992 -120.38207  6.97
 30.0  15.0  22.0 36.23729 -120.35654  6.81
 33.0  15.0  22.0 36.25467 -120.33100  7.15
 38.0  15.0  22.0 36.28363 -120.28842  7.30
 45.0  15.0  22.0 36.32417 -120.22879  7.30
 65.0  15.0  22.0 36.44001 -120.05823  7.30
-65.0  21.0  22.0 35.72848 -121.20526  7.30
-40.0  21.0  22.0 35.87328 -120.99371  7.38
-25.0  21.0  22.0 35.96016 -120.86660  6.72
-15.0  21.0  22.0 36.01807 -120.78178  6.56
 -8.0  21.0  22.0 36.05862 -120.72238  6.09
 -3.0  21.0  22.0 36.08758 -120.67992  5.91
 -1.0  21.0  22.0 36.09916 -120.66294  6.06
  1.0  21.0  22.0 36.11074 -120.64595  5.81
  5.0  21.0  22.0 36.13391 -120.61196  6.46
 10.0  21.0  22.0 36.16287 -120.56947  6.89
 17.0  21.0  22.0 36.20341 -120.50995  6.80
 24.0  21.0  22.0 36.24396 -120.45040  7.06
 27.0  21.0  22.0 36.26133 -120.42487  6.75
 30.0  21.0  22.0 36.27871 -120.39934  6.93
 33.0  21.0  22.0 36.29608 -120.37380  7.10
 38.0  21.0  22.0 36.32504 -120.33122  7.30
 45.0  21.0  22.0 36.36559 -120.27158  7.30
 65.0  21.0  22.0 36.48143 -120.10101  7.30
-65.0  30.0  22.0 35.79060 -121.26959  7.30
-40.0  30.0  22.0 35.93540 -121.05802  7.17
-25.0  30.0  22.0 36.02228 -120.93090  6.81
-15.0  30.0  22.0 36.08020 -120.84607  6.49
 -8.0  30.0  22.0 36.12074 -120.78665  5.91
 -3.0  30.0  22.0 36.14970 -120.74420  6.08
 -1.0  30.0  22.0 36.16128 -120.72721  6.10
  1.0  30.0  22.0 36.17287 -120.71022  6.04
  5.0  30.0  22.0 36.19603 -120.67623  6.30
 10.0  30.0  22.0 36.22499 -120.63373  6.54
 17.0  30.0  22.0 36.26554 -120.57421  6.93
 24.0  30.0  22.0 36.30608 -120.51465  7.08
 27.0  30.0  22.0 36.32346 -120.48912  6.97
 30.0  30.0  22.0 36.34083 -120.46358  6.96
 33.0  30.0  22.0 36.35821 -120.43804  6.98
 38.0  30.0  22.0 36.38717 -120.39545  7.30
 45.0  30.0  22.0 36.42771 -120.33580  7.30
 65.0  30.0  22.0 36.54355 -120.16522  7.30
-65.0  40.0  22.0 35.85963 -121.34113  7.30
-40.0  40.0  22.0 36.00442 -121.12954  6.52
-25.0  40.0  22.0 36.09130 -121.00240  6.29
-15.0  40.0  22.0 36.14922 -120.91756  6.49
 -8.0  40.0  22.0 36.18977 -120.85814  6.84
 -3.0  40.0  22.0 36.21872 -120.81567  6.95
 -1.0  40.0  22.0 36.23031 -120.79868  6.64
  1.0  40.0  22.0 36.24189 -120.78169  6.70
  5.0  40.0  22.0 36.26506 -120.74770  7.03
 10.0  40.0  22.0 36.29402 -120.70519  7.07
 17.0  40.0  22.0 36.33456 -120.64566  7.24
 24.0  40.0  22.0 36.37511 -120.58610  7.30
 27.0  40.0  22.0 36.39248 -120.56056  7.30
 30.0  40.0  22.0 36.40986 -120.53502  7.30
 33.0  40.0  22.0 36.42723 -120.50947  7.30
 38.0  40.0  22.0 36.45619 -120.46688  7.30
 45.0  40.0  22.0 36.49674 -120.40723  7.30
 65.0  40.0  22.0 36.61257 -120.23662  7.30
-65.0  50.0  22.0 35.92865 -121.41274  7.30
-40.0  50.0  22.0 36.07345 -121.20112  6.64
-25.0  50.0  22.0 36.16033 -121.07396  6.57
-15.0  50.0  22.0 36.21825 -120.98911  6.53
 -8.0  50.0  22.0 36.25879 -120.92968  7.30
 -3.0  50.0  22.0 36.28775 -120.88721  7.30
 -1.0  50.0  22.0 36.29933 -120.87022  7.30
  1.0  50.0  22.0 36.31092 -120.85322  7.30
  5.0  50.0  22.0 36.33408 -120.81923  7.30
 10.0  50.0  22.0 36.36304 -120.77672  7.30
 17.0  50.0  22.0 36.40359 -120.71718  7.30
 24.0  50.0  22.0 36.44413 -120.65761  7.30
 27.0  50.0  22.0 36.46151 -120.63207  7.30
 30.0  50.0  22.0 36.47888 -120.60652  7.30
 33.0  50.0  22.0 36.49626 -120.58097  7.30
 38.0  50.0  22.0 36.52522 -120.53838  7.30
 45.0  50.0  22.0 36.56576 -120.47871  7.30
 65.0  50.0  22.0 36.68160 -120.30808  7.30
-65.0 -70.0  28.0 35.10035 -120.55757  7.35
-40.0 -70.0  28.0 35.24515 -120.34627  7.35
-25.0 -70.0  28.0 35.33203 -120.21930  7.35
-15.0 -70.0  28.0 35.38995 -120.13458  7.35
 -8.0 -70.0  28.0 35.43049 -120.07524  7.35
 -3.0 -70.0  28.0 35.45945 -120.03284  7.35
 -1.0 -70.0  28.0 35.47103 -120.01587  7.35
  1.0 -70.0  28.0 35.48262 -119.99890  7.35
  5.0 -70.0  28.0 35.50578 -119.96496  7.35
 10.0 -70.0  28.0 35.53474 -119.92252  7.35
 17.0 -70.0  28.0 35.57529 -119.86307  7.35
 24.0 -70.0  28.0 35.61583 -119.80359  7.35
 27.0 -70.0  28.0 35.63321 -119.77809  7.35
 30.0 -70.0  28.0 35.65058 -119.75259  7.35
 33.0 -70.0  28.0 35.66796 -119.72708  7.35
 38.0 -70.0  28.0 35.69692 -119.68455  7.35
 45.0 -70.0  28.0 35.73746 -119.62498  7.35
 65.0 -70.0  28.0 35.85330 -119.45462  7.35
-65.0 -50.0  28.0 35.23840 -120.69949  7.39
-40.0 -50.0  28.0 35.38320 -120.48813  7.59
-25.0 -50.0  28.0 35.47008 -120.36113  7.16
-15.0 -50.0  28.0 35.52800 -120.27639  6.87
 -8.0 -50.0  28.0 35.56854 -120.21703  7.35
 -3.0 -50.0  28.0 35.59750 -120.17462  7.27
 -1.0 -50.0  28.0 35.60908 -120.15765  7.25
  1.0 -50.0  28.0 35.62067 -120.14068  7.35
  5.0 -50.0  28.0 35.64383 -120.10672  6.42
 10.0 -50.0  28.0 35.67279 -120.06427  6.26
 17.0 -50.0  28.0 35.71334 -120.00481  7.35
 24.0 -50.0  28.0 35.75388 -119.94531  7.35
 27.0 -50.0  28.0 35.77126 -119.91981  7.35
 30.0 -50.0  28.0 35.78863 -119.89429  7.35
 33.0 -50.0  28.0 35.80601 -119.86878  7.35
 38.0 -50.0  28.0 35.83497 -119.82624  7.19
 45.0 -50.0  28.0 35.87551 -119.76665  7.35
 65.0 -50.0  28.0 35.99135 -119.59625  7.35
-65.0 -40.0  28.0 35.30743 -120.77054  7.37
-40.0 -40.0  28.0 35.45222 -120.55915  7.45
-25.0 -40.0  28.0 35.53910 -120.43214  6.97
-15.0 -40.0  28.0 35.59702 -120.34738  7.38
 -8.0 -40.0  28.0 35.63756 -120.28802  7.13
 -3.0 -40.0  28.0 35.66652 -120.24560  7.09
 -1.0 -40.0  28.0 35.67811 -120.22863  7.38
  1.0 -40.0  28.0 35.68969 -120.21165  7.53
  5.0 -40.0  28.0 35.71286 -120.17770  7.25
 10.0 -40.0  28.0 35.74182 -120.13524  6.32
 17.0 -40.0  28.0 35.78236 -120.07577  7.35
 24.0 -40.0  28.0 35.82291 -120.01627  7.35
 27.0 -40.0  28.0 35.84028 -119.99076  7.35
 30.0 -40.0  28.0 35.85766 -119.96524  7.35
 33.0 -40.0  28.0 35.87503 -119.93972  7.35
 38.0 -40.0  28.0 35.90399 -119.89717  7.35
 45.0 -40.0  28.0 35.94453 -119.83758  7.35
 65.0 -40.0  28.0 36.06037 -119.66715  7.35
-65.0 -30.0  28.0 35.37645 -120.84165  7.35
-40.0 -30.0  28.0 35.52125 -120.63023  7.18
-25.0 -30.0  28.0 35.60813 -120.50320  6.79
-15.0 -30.0  28.0 35.66605 -120.41844  7.68
 -8.0 -30.0  28.0 35.70659 -120.35907  6.82
 -3.0 -30.0  28.0 35.73555 -120.31664  7.07
 -1.0 -30.0  28.0 35.74713 -120.29967  7.09
  1.0 -30.0  28.0 35.75872 -120.28269  7.61
  5.0 -30.0  28.0 35.78188 -120.24873  7.23
 10.0 -30.0  28.0 35.81084 -120.20627  7.35
 17.0 -30.0  28.0 35.85139 -120.14679  7.35
 24.0 -30.0  28.0 35.89193 -120.08728  7.35
 27.0 -30.0  28.0 35.90931 -120.06177  7.35
 30.0 -30.0  28.0 35.92668 -120.03625  7.35
 33.0 -30.0  28.0 35.94406 -120.01072  7.35
 38.0 -30.0  28.0 35.97302 -119.96817  7.35
 45.0 -30.0  28.0 36.01356 -119.90857  7.39
 65.0 -30.0  28.0 36.12940 -119.73812  7.35
-65.0 -21.0  28.0 35.43857 -120.90570  7.35
-40.0 -21.0  28.0 35.58337 -120.69426  6.97
-25.0 -21.0  28.0 35.67025 -120.56722  6.98
-15.0 -21.0  28.0 35.72817 -120.48244  7.43
 -8.0 -21.0  28.0 35.76871 -120.42307  7.04
 -3.0 -21.0  28.0 35.79767 -120.38064  6.66
 -1.0 -21.0  28.0 35.80926 -120.36366  7.17
  1.0 -21.0  28.0 35.82084 -120.34668  7.46
  5.0 -21.0  28.0 35.84401 -120.31271  7.17
 10.0 -21.0  28.0 35.87297 -120.27024  7.25
 17.0 -21.0  28.0 35.91351 -120.21076  7.35
 24.0 -21.0  28.0 35.95405 -120.15124  7.35
 27.0 -21.0  28.0 35.97143 -120.12573  7.35
 30.0 -21.0  28.0 35.98880 -120.10021  7.35
 33.0 -21.0  28.0 36.00618 -120.07468  7.35
 38.0 -21.0  28.0 36.03514 -120.03212  7.35
 45.0 -21.0  28.0 36.07568 -119.97251  7.35
 65.0 -21.0  28.0 36.19152 -119.80204  7.35
-65.0 -15.0  28.0 35.47999 -120.94842  7.35
-40.0 -15.0  28.0 35.62479 -120.73697  7.02
-25.0 -15.0  28.0 35.71167 -120.60992  7.32
-15.0 -15.0  28.0 35.76958 -120.52514  7.21
 -8.0 -15.0  28.0 35.81013 -120.46576  6.95
 -3.0 -15.0  28.0 35.83909 -120.42332  7.01
 -1.0 -15.0  28.0 35.85067 -120.40635  7.19
  1.0 -15.0  28.0 35.86225 -120.38937  7.54
  5.0 -15.0  28.0 35.88542 -120.35540  6.99
 10.0 -15.0  28.0 35.91438 -120.31292  7.24
 17.0 -15.0  28.0 35.95492 -120.25343  7.35
 24.0 -15.0  28.0 35.99547 -120.19391  7.35
 27.0 -15.0  28.0 36.01284 -120.16840  7.35
 30.0 -15.0  28.0 36.03022 -120.14287  7.35
 33.0 -15.0  28.0 36.04759 -120.11734  7.35
 38.0 -15.0  28.0 36.07655 -120.07478  7.35
 45.0 -15.0  28.0 36.11710 -120.01517  7.35
 65.0 -15.0  28.0 36.23294 -119.84468  7.35
-65.0  -9.0  28.0 35.52140 -120.99118  7.35
-40.0  -9.0  28.0 35.66620 -120.77971  7.34
-25.0  -9.0  28.0 35.75308 -120.65264  7.64
-15.0  -9.0  28.0 35.81100 -120.56786  7.30
 -8.0  -9.0  28.0 35.85154 -120.50847  6.75
 -3.0  -9.0  28.0 35.88050 -120.46604  6.71
 -1.0  -9.0  28.0 35.89209 -120.44906  7.03
  1.0  -9.0  28.0 35.90367 -120.43207  7.45
  5.0  -9.0  28.0 35.92684 -120.39810  7.71
 10.0  -9.0  28.0 35.95580 -120.35563  7.96
 17.0  -9.0  28.0 35.99634 -120.29613  7.35
 24.0  -9.0  28.0 36.03688 -120.23661  7.35
 27.0  -9.0  28.0 36.05426 -120.21109  7.35
 30.0  -9.0  28.0 36.07163 -120.18556  7.35
 33.0  -9.0  28.0 36.08901 -120.16003  7.35
 38.0  -9.0  28.0 36.11797 -120.11747  7.35
 45.0  -9.0  28.0 36.15851 -120.05785  7.35
 65.0  -9.0  28.0 36.27435 -119.88735  7.35
-65.0  -3.0  28.0 35.56282 -121.03395  7.35
-40.0  -3.0  28.0 35.70762 -120.82246  7.29
-25.0  -3.0  28.0 35.79450 -120.69539  7.60
-15.0  -3.0  28.0 35.85241 -120.61060  7.12
 -8.0  -3.0  28.0 35.89296 -120.55121  6.64
 -3.0  -3.0  28.0 35.92192 -120.50877  6.59
 -1.0  -3.0  28.0 35.93350 -120.49179  6.80
  1.0  -3.0  28.0 35.94508 -120.47480  7.15
  5.0  -3.0  28.0 35.96825 -120.44083  7.99
 10.0  -3.0  28.0 35.99721 -120.39835  8.51
 17.0  -3.0  28.0 36.03775 -120.33885  7.91
 24.0  -3.0  28.0 36.07830 -120.27932  7.35
 27.0  -3.0  28.0 36.09567 -120.25380  7.35
 30.0  -3.0  28.0 36.11305 -120.22827  7.35
 33.0  -3.0  28.0 36.13042 -120.20274  7.35
 38.0  -3.0  28.0 36.15938 -120.16017  7.35
 45.0  -3.0  28.0 36.19993 -120.10055  7.35
 65.0  -3.0  28.0 36.31577 -119.93004  7.35
-65.0   3.0  28.0 35.60423 -121.07674  7.35
-40.0   3.0  28.0 35.74903 -120.86524  7.48
-25.0   3.0  28.0 35.83591 -120.73816  7.79
-15.0   3.0  28.0 35.89383 -120.65336  7.01
 -8.0   3.0  28.0 35.93437 -120.59397  6.90
 -3.0   3.0  28.0 35.96333 -120.55152  6.89
 -1.0   3.0  28.0 35.97492 -120.53454  6.97
  1.0   3.0  28.0 35.98650 -120.51756  7.20
  5.0   3.0  28.0 36.00967 -120.48358  7.79
 10.0   3.0  28.0 36.03863 -120.44110  8.37
 17.0   3.0  28.0 36.07917 -120.38159  7.84
 24.0   3.0  28.0 36.11971 -120.32206  7.48
 27.0   3.0  28.0 36.13709 -120.29654  7.34
 30.0   3.0  28.0 36.15446 -120.27101  7.28
 33.0   3.0  28.0 36.17184 -120.24547  7.31
 38.0   3.0  28.0 36.20080 -120.20290  7.35
 45.0   3.0  28.0 36.24134 -120.14327  7.35
 65.0   3.0  28.0 36.35718 -119.97275  7.35
-65.0   9.0  28.0 35.64565 -121.11956  7.35
-40.0   9.0  28.0 35.79045 -120.90804  7.47
-25.0   9.0  28.0 35.87733 -120.78095  8.00
-15.0   9.0  28.0 35.93524 -120.69615  6.92
 -8.0   9.0  28.0 35.97579 -120.63675  6.86
 -3.0   9.0  28.0 36.00475 -120.59430  6.99
 -1.0   9.0  28.0 36.01633 -120.57732  7.16
  1.0   9.0  28.0 36.02791 -120.56033  7.15
  5.0   9.0  28.0 36.05108 -120.52635  7.58
 10.0   9.0  28.0 36.08004 -120.48387  8.38
 17.0   9.0  28.0 36.12058 -120.42436  8.04
 24.0   9.0  28.0 36.16113 -120.36482  7.34
 27.0   9.0  28.0 36.17850 -120.33929  7.32
 30.0   9.0  28.0 36.19588 -120.31376  7.27
 33.0   9.0  28.0 36.21325 -120.28822  7.30
 38.0   9.0  28.0 36.24221 -120.24565  7.35
 45.0   9.0  28.0 36.28276 -120.18602  7.35
 65.0   9.0  28.0 36.39860 -120.01548  7.35
-65.0  15.0  28.0 35.68706 -121.16240  7.35
-40.0  15.0  28.0 35.83186 -120.95087  7.31
-25.0  15.0  28.0 35.91874 -120.82377  7.86
-15.0  15.0  28.0 35.97666 -120.73895  7.16
 -8.0  15.0  28.0 36.01720 -120.67955  6.89
 -3.0  15.0  28.0 36.04616 -120.63710  6.68
 -1.0  15.0  28.0 36.05775 -120.62012  7.12
  1.0  15.0  28.0 36.06933 -120.60313  7.19
  5.0  15.0  28.0 36.09250 -120.56915  7.92
 10.0  15.0  28.0 36.12146 -120.52666  7.94
 17.0  15.0  28.0 36.16200 -120.46714  7.64
 24.0  15.0  28.0 36.20254 -120.40760  7.35
 27.0  15.0  28.0 36.21992 -120.38207  7.35
 30.0  15.0  28.0 36.23729 -120.35654  7.35
 33.0  15.0  28.0 36.25467 -120.33100  7.35
 38.0  15.0  28.0 36.28363 -120.28842  7.35
 45.0  15.0  28.0 36.32417 -120.22879  7.35
 65.0  15.0  28.0 36.44001 -120.05823  7.35
-65.0  21.0  28.0 35.72848 -121.20526  7.35
-40.0  21.0  28.0 35.87328 -120.99371  7.23
-25.0  21.0  28.0 35.96016 -120.86660  7.41
-15.0  21.0  28.0 36.01807 -120.78178  7.10
 -8.0  21.0  28.0 36.05862 -120.72238  7.16
 -3.0  21.0  28.0 36.08758 -120.67992  7.25
 -1.0  21.0  28.0 36.09916 -120.66294  7.21
  1.0  21.0  28.0 36.11074 -120.64595  6.65
  5.0  21.0  28.0 36.13391 -120.61196  6.97
 10.0  21.0  28.0 36.16287 -120.56947  7.41
 17.0  21.0  28.0 36.20341 -120.50995  7.33
 24.0  21.0  28.0 36.24396 -120.45040  7.35
 27.0  21.0  28.0 36.26133 -120.42487  7.35
 30.0  21.0  28.0 36.27871 -120.39934  7.35
 33.0  21.0  28.0 36.29608 -120.37380  7.35
 38.0  21.0  28.0 36.32504 -120.33122  7.35
 45.0  21.0  28.0 36.36559 -120.27158  7.35
 65.0  21.0  28.0 36.48143 -120.10101  7.35
-65.0  30.0  28.0 35.79060 -121.26959  7.35
-40.0  30.0  28.0 35.93540 -121.05802  7.14
-25.0  30.0  28.0 36.02228 -120.93090  7.41
-15.0  30.0  28.0 36.08020 -120.84607  7.44
 -8.0  30.0  28.0 36.12074 -120.78665  6.86
 -3.0  30.0  28.0 36.14970 -120.74420  7.41
 -1.0  30.0  28.0 36.16128 -120.72721  6.96
  1.0  30.0  28.0 36.17287 -120.71022  6.72
  5.0  30.0  28.0 36.19603 -120.67623  7.41
 10.0  30.0  28.0 36.22499 -120.63373  7.35
 17.0  30.0  28.0 36.26554 -120.57421  7.35
 24.0  30.0  28.0 36.30608 -120.51465  7.35
 27.0  30.0  28.0 36.32346 -120.48912  7.35
 30.0  30.0  28.0 36.34083 -120.46358  7.35
 33.0  30.0  28.0 36.35821 -120.43804  7.35
 38.0  30.0  28.0 36.38717 -120.39545  7.35
 45.0  30.0  28.0 36.42771 -120.33580  7.35
 65.0  30.0  28.0 36.54355 -120.16522  7.35
-65.0  40.0  28.0 35.85963 -121.34113  7.35
-40.0  40.0  28.0 36.00442 -121.12954  7.26
-25.0  40.0  28.0 36.09130 -121.00240  7.40
-15.0  40.0  28.0 36.14922 -120.91756  7.43
 -8.0  40.0  28.0 36.18977 -120.85814  7.28
 -3.0  40.0  28.0 36.21872 -120.81567  7.28
 -1.0  40.0  28.0 36.23031 -120.79868  7.36
  1.0  40.0  28.0 36.24189 -120.78169  7.30
  5.0  40.0  28.0 36.26506 -120.74770  7.28
 10.0  40.0  28.0 36.29402 -120.70519  7.35
 17.0  40.0  28.0 36.33456 -120.64566  7.35
 24.0  40.0  28.0 36.37511 -120.58610  7.35
 27.0  40.0  28.0 36.39248 -120.56056  7.35
 30.0  40.0  28.0 36.40986 -120.53502  7.35
 33.0  40.0  28.0 36.42723 -120.50947  7.35
 38.0  40.0  28.0 36.45619 -120.46688  7.35
 45.0  40.0  28.0 36.49674 -120.40723  7.35
 65.0  40.0  28.0 36.61257 -120.23662  7.35
-65.0  50.0  28.0 35.92865 -121.41274  7.35
-40.0  50.0  28.0 36.07345 -121.20112  7.35
-25.0  50.0  28.0 36.16033 -121.07396  7.54
-15.0  50.0  28.0 36.21825 -120.98911  7.67
 -8.0  50.0  28.0 36.25879 -120.92968  7.35
 -3.0  50.0  28.0 36.28775 -120.88721  7.35
 -1.0  50.0  28.0 36.29933 -120.87022  7.35
  1.0  50.0  28.0 36.31092 -120.85322  7.35
  5.0  50.0  28.0 36.33408 -120.81923  7.35
 10.0  50.0  28.0 36.36304 -120.77672  7.35
 17.0  50.0  28.0 36.40359 -120.71718  7.35
 24.0  50.0  28.0 36.44413 -120.65761  7.35
 27.0  50.0  28.0 36.46151 -120.63207  7.35
 30.0  50.0  28.0 36.47888 -120.60652  7.35
 33.0  50.0  28.0 36.49626 -120.58097  7.35
 38.0  50.0  28.0 36.52522 -120.53838  7.35
 45.0  50.0  28.0 36.56576 -120.47871  7.35
 65.0  50.0  28.0 36.68160 -120.30808  7.35
