-65.0 -70.0   0.0 35.10035 -120.55757  1.41
-40.0 -70.0   0.0 35.24515 -120.34627  1.57
-25.0 -70.0   0.0 35.33203 -120.21930  1.40
-15.0 -70.0   0.0 35.38995 -120.13458  1.29
 -8.0 -70.0   0.0 35.43049 -120.07524  1.41
 -3.0 -70.0   0.0 35.45945 -120.03284  1.42
 -1.0 -70.0   0.0 35.47103 -120.01587  1.44
  1.0 -70.0   0.0 35.48262 -119.99890  1.36
  5.0 -70.0   0.0 35.50578 -119.96496  1.50
 10.0 -70.0   0.0 35.53474 -119.92252  1.50
 17.0 -70.0   0.0 35.57529 -119.86307  1.35
 24.0 -70.0   0.0 35.61583 -119.80359  1.29
 27.0 -70.0   0.0 35.63321 -119.77809  1.31
 30.0 -70.0   0.0 35.65058 -119.75259  1.31
 33.0 -70.0   0.0 35.66796 -119.72708  1.30
 38.0 -70.0   0.0 35.69692 -119.68455  1.28
 45.0 -70.0   0.0 35.73746 -119.62498  0.97
 65.0 -70.0   0.0 35.85330 -119.45462  1.09
-65.0 -50.0   0.0 35.23840 -120.69949  1.43
-40.0 -50.0   0.0 35.38320 -120.48813  1.83
-25.0 -50.0   0.0 35.47008 -120.36113  1.57
-15.0 -50.0   0.0 35.52800 -120.27639  1.34
 -8.0 -50.0   0.0 35.56854 -120.21703  1.44
 -3.0 -50.0   0.0 35.59750 -120.17462  1.67
 -1.0 -50.0   0.0 35.60908 -120.15765  1.60
  1.0 -50.0   0.0 35.62067 -120.14068  1.41
  5.0 -50.0   0.0 35.64383 -120.10672  1.48
 10.0 -50.0   0.0 35.67279 -120.06427  1.60
 17.0 -50.0   0.0 35.71334 -120.00481  1.26
 24.0 -50.0   0.0 35.75388 -119.94531  1.14
 27.0 -50.0   0.0 35.77126 -119.91981  1.31
 30.0 -50.0   0.0 35.78863 -119.89429  1.21
 33.0 -50.0   0.0 35.80601 -119.86878  1.30
 38.0 -50.0   0.0 35.83497 -119.82624  1.28
 45.0 -50.0   0.0 35.87551 -119.76665  1.27
 65.0 -50.0   0.0 35.99135 -119.59625  1.14
-65.0 -40.0   0.0 35.30743 -120.77054  1.53
-40.0 -40.0   0.0 35.45222 -120.55915  1.92
-25.0 -40.0   0.0 35.53910 -120.43214  1.54
-15.0 -40.0   0.0 35.59702 -120.34738  1.23
 -8.0 -40.0   0.0 35.63756 -120.28802  1.33
 -3.0 -40.0   0.0 35.66652 -120.24560  1.51
 -1.0 -40.0   0.0 35.67811 -120.22863  1.45
  1.0 -40.0   0.0 35.68969 -120.21165  1.47
  5.0 -40.0   0.0 35.71286 -120.17770  1.55
 10.0 -40.0   0.0 35.74182 -120.13524  1.70
 17.0 -40.0   0.0 35.78236 -120.07577  1.30
 24.0 -40.0   0.0 35.82291 -120.01627  1.26
 27.0 -40.0   0.0 35.84028 -119.99076  1.34
 30.0 -40.0   0.0 35.85766 -119.96524  1.20
 33.0 -40.0   0.0 35.87503 -119.93972  1.28
 38.0 -40.0   0.0 35.90399 -119.89717  1.27
 45.0 -40.0   0.0 35.94453 -119.83758  1.25
 65.0 -40.0   0.0 36.06037 -119.66715  1.13
-65.0 -30.0   0.0 35.37645 -120.84165  1.71
-40.0 -30.0   0.0 35.52125 -120.63023  1.96
-25.0 -30.0   0.0 35.60813 -120.50320  1.52
-15.0 -30.0   0.0 35.66605 -120.41844  1.15
 -8.0 -30.0   0.0 35.70659 -120.35907  1.24
 -3.0 -30.0   0.0 35.73555 -120.31664  1.41
 -1.0 -30.0   0.0 35.74713 -120.29967  1.41
  1.0 -30.0   0.0 35.75872 -120.28269  1.57
  5.0 -30.0   0.0 35.78188 -120.24873  1.64
 10.0 -30.0   0.0 35.81084 -120.20627  1.85
 17.0 -30.0   0.0 35.85139 -120.14679  1.40
 24.0 -30.0   0.0 35.89193 -120.08728  1.39
 27.0 -30.0   0.0 35.90931 -120.06177  1.36
 30.0 -30.0   0.0 35.92668 -120.03625  1.19
 33.0 -30.0   0.0 35.94406 -120.01072  1.27
 38.0 -30.0   0.0 35.97302 -119.96817  1.25
 45.0 -30.0   0.0 36.01356 -119.90857  1.22
 65.0 -30.0   0.0 36.12940 -119.73812  1.13
-65.0 -21.0   0.0 35.43857 -120.90570  1.49
-40.0 -21.0   0.0 35.58337 -120.69426  1.32
-25.0 -21.0   0.0 35.67025 -120.56722  1.21
-15.0 -21.0   0.0 35.72817 -120.48244  1.12
 -8.0 -21.0   0.0 35.76871 -120.42307  1.18
 -3.0 -21.0   0.0 35.79767 -120.38064  1.25
 -1.0 -21.0   0.0 35.80926 -120.36366  1.38
  1.0 -21.0   0.0 35.82084 -120.34668  2.24
  5.0 -21.0   0.0 35.84401 -120.31271  1.83
 10.0 -21.0   0.0 35.87297 -120.27024  1.57
 17.0 -21.0   0.0 35.91351 -120.21076  1.46
 24.0 -21.0   0.0 35.95405 -120.15124  1.30
 27.0 -21.0   0.0 35.97143 -120.12573  1.23
 30.0 -21.0   0.0 35.98880 -120.10021  1.19
 33.0 -21.0   0.0 36.00618 -120.07468  1.21
 38.0 -21.0   0.0 36.03514 -120.03212  1.17
 45.0 -21.0   0.0 36.07568 -119.97251  1.14
 65.0 -21.0   0.0 36.19152 -119.80204  1.05
-65.0 -15.0   0.0 35.47999 -120.94842  1.52
-40.0 -15.0   0.0 35.62479 -120.73697  1.45
-25.0 -15.0   0.0 35.71167 -120.60992  1.27
-15.0 -15.0   0.0 35.76958 -120.52514  1.13
 -8.0 -15.0   0.0 35.81013 -120.46576  1.34
 -3.0 -15.0   0.0 35.83909 -120.42332  1.54
 -1.0 -15.0   0.0 35.85067 -120.40635  1.39
  1.0 -15.0   0.0 35.86225 -120.38937  1.57
  5.0 -15.0   0.0 35.88542 -120.35540  1.42
 10.0 -15.0   0.0 35.91438 -120.31292  1.51
 17.0 -15.0   0.0 35.95492 -120.25343  1.50
 24.0 -15.0   0.0 35.99547 -120.19391  1.20
 27.0 -15.0   0.0 36.01284 -120.16840  1.14
 30.0 -15.0   0.0 36.03022 -120.14287  1.14
 33.0 -15.0   0.0 36.04759 -120.11734  1.23
 38.0 -15.0   0.0 36.07655 -120.07478  1.20
 45.0 -15.0   0.0 36.11710 -120.01517  1.08
 65.0 -15.0   0.0 36.23294 -119.84468  1.02
-65.0  -9.0   0.0 35.52140 -120.99118  1.48
-40.0  -9.0   0.0 35.66620 -120.77971  1.40
-25.0  -9.0   0.0 35.75308 -120.65264  1.25
-15.0  -9.0   0.0 35.81100 -120.56786  1.14
 -8.0  -9.0   0.0 35.85154 -120.50847  1.37
 -3.0  -9.0   0.0 35.88050 -120.46604  1.58
 -1.0  -9.0   0.0 35.89209 -120.44906  1.31
  1.0  -9.0   0.0 35.90367 -120.43207  1.43
  5.0  -9.0   0.0 35.92684 -120.39810  1.44
 10.0  -9.0   0.0 35.95580 -120.35563  1.51
 17.0  -9.0   0.0 35.99634 -120.29613  1.55
 24.0  -9.0   0.0 36.03688 -120.23661  1.14
 27.0  -9.0   0.0 36.05426 -120.21109  1.00
 30.0  -9.0   0.0 36.07163 -120.18556  1.09
 33.0  -9.0   0.0 36.08901 -120.16003  1.11
 38.0  -9.0   0.0 36.11797 -120.11747  1.08
 45.0  -9.0   0.0 36.15851 -120.05785  0.94
 65.0  -9.0   0.0 36.27435 -119.88735  0.98
-65.0  -3.0   0.0 35.56282 -121.03395  1.39
-40.0  -3.0   0.0 35.70762 -120.82246  1.38
-25.0  -3.0   0.0 35.79450 -120.69539  1.21
-15.0  -3.0   0.0 35.85241 -120.61060  1.09
 -8.0  -3.0   0.0 35.89296 -120.55121  1.68
 -3.0  -3.0   0.0 35.92192 -120.50877  2.27
 -1.0  -3.0   0.0 35.93350 -120.49179  1.42
  1.0  -3.0   0.0 35.94508 -120.47480  1.39
  5.0  -3.0   0.0 35.96825 -120.44083  1.95
 10.0  -3.0   0.0 35.99721 -120.39835  1.42
 17.0  -3.0   0.0 36.03775 -120.33885  1.58
 24.0  -3.0   0.0 36.07830 -120.27932  1.21
 27.0  -3.0   0.0 36.09567 -120.25380  1.09
 30.0  -3.0   0.0 36.11305 -120.22827  1.14
 33.0  -3.0   0.0 36.13042 -120.20274  1.15
 38.0  -3.0   0.0 36.15938 -120.16017  1.12
 45.0  -3.0   0.0 36.19993 -120.10055  0.94
 65.0  -3.0   0.0 36.31577 -119.93004  1.00
-65.0   3.0   0.0 35.60423 -121.07674  1.51
-40.0   3.0   0.0 35.74903 -120.86524  1.33
-25.0   3.0   0.0 35.83591 -120.73816  1.20
-15.0   3.0   0.0 35.89383 -120.65336  1.06
 -8.0   3.0   0.0 35.93437 -120.59397  2.06
 -3.0   3.0   0.0 35.96333 -120.55152  2.20
 -1.0   3.0   0.0 35.97492 -120.53454  1.47
  1.0   3.0   0.0 35.98650 -120.51756  1.48
  5.0   3.0   0.0 36.00967 -120.48358  1.56
 10.0   3.0   0.0 36.03863 -120.44110  1.32
 17.0   3.0   0.0 36.07917 -120.38159  1.36
 24.0   3.0   0.0 36.11971 -120.32206  0.98
 27.0   3.0   0.0 36.13709 -120.29654  1.18
 30.0   3.0   0.0 36.15446 -120.27101  1.14
 33.0   3.0   0.0 36.17184 -120.24547  1.17
 38.0   3.0   0.0 36.20080 -120.20290  1.16
 45.0   3.0   0.0 36.24134 -120.14327  1.01
 65.0   3.0   0.0 36.35718 -119.97275  1.12
-65.0   9.0   0.0 35.64565 -121.11956  1.31
-40.0   9.0   0.0 35.79045 -120.90804  1.40
-25.0   9.0   0.0 35.87733 -120.78095  1.30
-15.0   9.0   0.0 35.93524 -120.69615  1.24
 -8.0   9.0   0.0 35.97579 -120.63675  2.09
 -3.0   9.0   0.0 36.00475 -120.59430  2.19
 -1.0   9.0   0.0 36.01633 -120.57732  1.81
  1.0   9.0   0.0 36.02791 -120.56033  1.32
  5.0   9.0   0.0 36.05108 -120.52635  1.37
 10.0   9.0   0.0 36.08004 -120.48387  1.67
 17.0   9.0   0.0 36.12058 -120.42436  1.73
 24.0   9.0   0.0 36.16113 -120.36482  1.49
 27.0   9.0   0.0 36.17850 -120.33929  1.21
 30.0   9.0   0.0 36.19588 -120.31376  1.03
 33.0   9.0   0.0 36.21325 -120.28822  1.08
 38.0   9.0   0.0 36.24221 -120.24565  1.18
 45.0   9.0   0.0 36.28276 -120.18602  1.24
 65.0   9.0   0.0 36.39860 -120.01548  1.17
-65.0  15.0   0.0 35.68706 -121.16240  1.40
-40.0  15.0   0.0 35.83186 -120.95087  1.32
-25.0  15.0   0.0 35.91874 -120.82377  1.25
-15.0  15.0   0.0 35.97666 -120.73895  1.20
 -8.0  15.0   0.0 36.01720 -120.67955  1.89
 -3.0  15.0   0.0 36.04616 -120.63710  1.82
 -1.0  15.0   0.0 36.05775 -120.62012  1.48
  1.0  15.0   0.0 36.06933 -120.60313  1.38
  5.0  15.0   0.0 36.09250 -120.56915  1.48
 10.0  15.0   0.0 36.12146 -120.52666  1.50
 17.0  15.0   0.0 36.16200 -120.46714  1.69
 24.0  15.0   0.0 36.20254 -120.40760  1.58
 27.0  15.0   0.0 36.21992 -120.38207  1.21
 30.0  15.0   0.0 36.23729 -120.35654  1.09
 33.0  15.0   0.0 36.25467 -120.33100  1.30
 38.0  15.0   0.0 36.28363 -120.28842  1.44
 45.0  15.0   0.0 36.32417 -120.22879  1.29
 65.0  15.0   0.0 36.44001 -120.05823  1.20
-65.0  21.0   0.0 35.72848 -121.20526  1.50
-40.0  21.0   0.0 35.87328 -120.99371  1.55
-25.0  21.0   0.0 35.96016 -120.86660  1.37
-15.0  21.0   0.0 36.01807 -120.78178  1.32
 -8.0  21.0   0.0 36.05862 -120.72238  1.58
 -3.0  21.0   0.0 36.08758 -120.67992  1.57
 -1.0  21.0   0.0 36.09916 -120.66294  1.38
  1.0  21.0   0.0 36.11074 -120.64595  1.26
  5.0  21.0   0.0 36.13391 -120.61196  1.26
 10.0  21.0   0.0 36.16287 -120.56947  1.41
 17.0  21.0   0.0 36.20341 -120.50995  1.90
 24.0  21.0   0.0 36.24396 -120.45040  2.08
 27.0  21.0   0.0 36.26133 -120.42487  1.73
 30.0  21.0   0.0 36.27871 -120.39934  1.59
 33.0  21.0   0.0 36.29608 -120.37380  1.86
 38.0  21.0   0.0 36.32504 -120.33122  1.58
 45.0  21.0   0.0 36.36559 -120.27158  1.28
 65.0  21.0   0.0 36.48143 -120.10101  1.13
-65.0  30.0   0.0 35.79060 -121.26959  1.49
-40.0  30.0   0.0 35.93540 -121.05802  1.44
-25.0  30.0   0.0 36.02228 -120.93090  1.42
-15.0  30.0   0.0 36.08020 -120.84607  1.40
 -8.0  30.0   0.0 36.12074 -120.78665  1.52
 -3.0  30.0   0.0 36.14970 -120.74420  1.52
 -1.0  30.0   0.0 36.16128 -120.72721  1.56
  1.0  30.0   0.0 36.17287 -120.71022  1.32
  5.0  30.0   0.0 36.19603 -120.67623  1.23
 10.0  30.0   0.0 36.22499 -120.63373  1.47
 17.0  30.0   0.0 36.26554 -120.57421  2.23
 24.0  30.0   0.0 36.30608 -120.51465  1.94
 27.0  30.0   0.0 36.32346 -120.48912  1.74
 30.0  30.0   0.0 36.34083 -120.46358  1.59
 33.0  30.0   0.0 36.35821 -120.43804  1.49
 38.0  30.0   0.0 36.38717 -120.39545  1.35
 45.0  30.0   0.0 36.42771 -120.33580  1.50
 65.0  30.0   0.0 36.54355 -120.16522  1.24
-65.0  40.0   0.0 35.85963 -121.34113  1.44
-40.0  40.0   0.0 36.00442 -121.12954  1.45
-25.0  40.0   0.0 36.09130 -121.00240  1.45
-15.0  40.0   0.0 36.14922 -120.91756  1.44
 -8.0  40.0   0.0 36.18977 -120.85814  1.48
 -3.0  40.0   0.0 36.21872 -120.81567  1.41
 -1.0  40.0   0.0 36.23031 -120.79868  1.52
  1.0  40.0   0.0 36.24189 -120.78169  1.28
  5.0  40.0   0.0 36.26506 -120.74770  1.48
 10.0  40.0   0.0 36.29402 -120.70519  1.43
 17.0  40.0   0.0 36.33456 -120.64566  1.92
 24.0  40.0   0.0 36.37511 -120.58610  1.79
 27.0  40.0   0.0 36.39248 -120.56056  1.64
 30.0  40.0   0.0 36.40986 -120.53502  1.53
 33.0  40.0   0.0 36.42723 -120.50947  1.46
 38.0  40.0   0.0 36.45619 -120.46688  1.38
 45.0  40.0   0.0 36.49674 -120.40723  1.45
 65.0  40.0   0.0 36.61257 -120.23662  1.24
-65.0  50.0   0.0 35.92865 -121.41274  1.45
-40.0  50.0   0.0 36.07345 -121.20112  0.81
-25.0  50.0   0.0 36.16033 -121.07396  1.27
-15.0  50.0   0.0 36.21825 -120.98911  1.49
 -8.0  50.0   0.0 36.25879 -120.92968  1.43
 -3.0  50.0   0.0 36.28775 -120.88721  1.44
 -1.0  50.0   0.0 36.29933 -120.87022  1.62
  1.0  50.0   0.0 36.31092 -120.85322  1.25
  5.0  50.0   0.0 36.33408 -120.81923  1.73
 10.0  50.0   0.0 36.36304 -120.77672  1.47
 17.0  50.0   0.0 36.40359 -120.71718  1.78
 24.0  50.0   0.0 36.44413 -120.65761  1.64
 27.0  50.0   0.0 36.46151 -120.63207  1.53
 30.0  50.0   0.0 36.47888 -120.60652  1.48
 33.0  50.0   0.0 36.49626 -120.58097  1.43
 38.0  50.0   0.0 36.52522 -120.53838  1.41
 45.0  50.0   0.0 36.56576 -120.47871  1.40
 65.0  50.0   0.0 36.68160 -120.30808  1.25
-65.0 -70.0   2.0 35.10035 -120.55757  2.82
-40.0 -70.0   2.0 35.24515 -120.34627  2.94
-25.0 -70.0   2.0 35.33203 -120.21930  2.70
-15.0 -70.0   2.0 35.38995 -120.13458  2.54
 -8.0 -70.0   2.0 35.43049 -120.07524  2.76
 -3.0 -70.0   2.0 35.45945 -120.03284  2.65
 -1.0 -70.0   2.0 35.47103 -120.01587  2.64
  1.0 -70.0   2.0 35.48262 -119.99890  2.16
  5.0 -70.0   2.0 35.50578 -119.96496  2.54
 10.0 -70.0   2.0 35.53474 -119.92252  2.41
 17.0 -70.0   2.0 35.57529 -119.86307  2.15
 24.0 -70.0   2.0 35.61583 -119.80359  1.95
 27.0 -70.0   2.0 35.63321 -119.77809  1.95
 30.0 -70.0   2.0 35.65058 -119.75259  1.95
 33.0 -70.0   2.0 35.66796 -119.72708  1.94
 38.0 -70.0   2.0 35.69692 -119.68455  1.41
 45.0 -70.0   2.0 35.73746 -119.62498  1.51
 65.0 -70.0   2.0 35.85330 -119.45462  1.67
-65.0 -50.0   2.0 35.23840 -120.69949  2.58
-40.0 -50.0   2.0 35.38320 -120.48813  3.64
-25.0 -50.0   2.0 35.47008 -120.36113  3.20
-15.0 -50.0   2.0 35.52800 -120.27639  2.88
 -8.0 -50.0   2.0 35.56854 -120.21703  2.84
 -3.0 -50.0   2.0 35.59750 -120.17462  3.24
 -1.0 -50.0   2.0 35.60908 -120.15765  2.72
  1.0 -50.0   2.0 35.62067 -120.14068  2.16
  5.0 -50.0   2.0 35.64383 -120.10672  2.26
 10.0 -50.0   2.0 35.67279 -120.06427  2.83
 17.0 -50.0   2.0 35.71334 -120.00481  2.43
 24.0 -50.0   2.0 35.75388 -119.94531  1.94
 27.0 -50.0   2.0 35.77126 -119.91981  1.96
 30.0 -50.0   2.0 35.78863 -119.89429  1.77
 33.0 -50.0   2.0 35.80601 -119.86878  1.94
 38.0 -50.0   2.0 35.83497 -119.82624  1.92
 45.0 -50.0   2.0 35.87551 -119.76665  1.91
 65.0 -50.0   2.0 35.99135 -119.59625  1.82
-65.0 -40.0   2.0 35.30743 -120.77054  2.57
-40.0 -40.0   2.0 35.45222 -120.55915  3.60
-25.0 -40.0   2.0 35.53910 -120.43214  2.92
-15.0 -40.0   2.0 35.59702 -120.34738  2.53
 -8.0 -40.0   2.0 35.63756 -120.28802  2.54
 -3.0 -40.0   2.0 35.66652 -120.24560  2.85
 -1.0 -40.0   2.0 35.67811 -120.22863  2.45
  1.0 -40.0   2.0 35.68969 -120.21165  2.31
  5.0 -40.0   2.0 35.71286 -120.17770  2.37
 10.0 -40.0   2.0 35.74182 -120.13524  2.68
 17.0 -40.0   2.0 35.78236 -120.07577  2.33
 24.0 -40.0   2.0 35.82291 -120.01627  2.10
 27.0 -40.0   2.0 35.84028 -119.99076  1.98
 30.0 -40.0   2.0 35.85766 -119.96524  1.75
 33.0 -40.0   2.0 35.87503 -119.93972  1.92
 38.0 -40.0   2.0 35.90399 -119.89717  1.90
 45.0 -40.0   2.0 35.94453 -119.83758  1.87
 65.0 -40.0   2.0 36.06037 -119.66715  1.80
-65.0 -30.0   2.0 35.37645 -120.84165  2.79
-40.0 -30.0   2.0 35.52125 -120.63023  3.24
-25.0 -30.0   2.0 35.60813 -120.50320  2.78
-15.0 -30.0   2.0 35.66605 -120.41844  2.33
 -8.0 -30.0   2.0 35.70659 -120.35907  2.27
 -3.0 -30.0   2.0 35.73555 -120.31664  2.68
 -1.0 -30.0   2.0 35.74713 -120.29967  2.40
  1.0 -30.0   2.0 35.75872 -120.28269  2.51
  5.0 -30.0   2.0 35.78188 -120.24873  2.53
 10.0 -30.0   2.0 35.81084 -120.20627  2.67
 17.0 -30.0   2.0 35.85139 -120.14679  2.39
 24.0 -30.0   2.0 35.89193 -120.08728  2.25
 27.0 -30.0   2.0 35.90931 -120.06177  1.99
 30.0 -30.0   2.0 35.92668 -120.03625  1.73
 33.0 -30.0   2.0 35.94406 -120.01072  1.90
 38.0 -30.0   2.0 35.97302 -119.96817  1.88
 45.0 -30.0   2.0 36.01356 -119.90857  1.84
 65.0 -30.0   2.0 36.12940 -119.73812  1.78
-65.0 -21.0   2.0 35.43857 -120.90570  2.48
-40.0 -21.0   2.0 35.58337 -120.69426  2.76
-25.0 -21.0   2.0 35.67025 -120.56722  2.53
-15.0 -21.0   2.0 35.72817 -120.48244  2.03
 -8.0 -21.0   2.0 35.76871 -120.42307  2.18
 -3.0 -21.0   2.0 35.79767 -120.38064  2.31
 -1.0 -21.0   2.0 35.80926 -120.36366  2.48
  1.0 -21.0   2.0 35.82084 -120.34668  3.16
  5.0 -21.0   2.0 35.84401 -120.31271  3.08
 10.0 -21.0   2.0 35.87297 -120.27024  2.27
 17.0 -21.0   2.0 35.91351 -120.21076  2.30
 24.0 -21.0   2.0 35.95405 -120.15124  1.96
 27.0 -21.0   2.0 35.97143 -120.12573  1.92
 30.0 -21.0   2.0 35.98880 -120.10021  1.82
 33.0 -21.0   2.0 36.00618 -120.07468  1.86
 38.0 -21.0   2.0 36.03514 -120.03212  1.79
 45.0 -21.0   2.0 36.07568 -119.97251  1.76
 65.0 -21.0   2.0 36.19152 -119.80204  1.66
-65.0 -15.0   2.0 35.47999 -120.94842  3.09
-40.0 -15.0   2.0 35.62479 -120.73697  2.97
-25.0 -15.0   2.0 35.71167 -120.60992  2.70
-15.0 -15.0   2.0 35.76958 -120.52514  2.33
 -8.0 -15.0   2.0 35.81013 -120.46576  2.31
 -3.0 -15.0   2.0 35.83909 -120.42332  3.09
 -1.0 -15.0   2.0 35.85067 -120.40635  2.72
  1.0 -15.0   2.0 35.86225 -120.38937  2.72
  5.0 -15.0   2.0 35.88542 -120.35540  2.23
 10.0 -15.0   2.0 35.91438 -120.31292  2.28
 17.0 -15.0   2.0 35.95492 -120.25343  2.45
 24.0 -15.0   2.0 35.99547 -120.19391  1.90
 27.0 -15.0   2.0 36.01284 -120.16840  1.78
 30.0 -15.0   2.0 36.03022 -120.14287  1.77
 33.0 -15.0   2.0 36.04759 -120.11734  1.90
 38.0 -15.0   2.0 36.07655 -120.07478  1.94
 45.0 -15.0   2.0 36.11710 -120.01517  1.72
 65.0 -15.0   2.0 36.23294 -119.84468  1.57
-65.0  -9.0   2.0 35.52140 -120.99118  3.28
-40.0  -9.0   2.0 35.66620 -120.77971  2.82
-25.0  -9.0   2.0 35.75308 -120.65264  2.58
-15.0  -9.0   2.0 35.81100 -120.56786  2.29
 -8.0  -9.0   2.0 35.85154 -120.50847  2.53
 -3.0  -9.0   2.0 35.88050 -120.46604  2.62
 -1.0  -9.0   2.0 35.89209 -120.44906  2.49
  1.0  -9.0   2.0 35.90367 -120.43207  2.38
  5.0  -9.0   2.0 35.92684 -120.39810  2.18
 10.0  -9.0   2.0 35.95580 -120.35563  2.57
 17.0  -9.0   2.0 35.99634 -120.29613  2.68
 24.0  -9.0   2.0 36.03688 -120.23661  1.91
 27.0  -9.0   2.0 36.05426 -120.21109  1.90
 30.0  -9.0   2.0 36.07163 -120.18556  1.77
 33.0  -9.0   2.0 36.08901 -120.16003  1.85
 38.0  -9.0   2.0 36.11797 -120.11747  1.66
 45.0  -9.0   2.0 36.15851 -120.05785  1.65
 65.0  -9.0   2.0 36.27435 -119.88735  1.65
-65.0  -3.0   2.0 35.56282 -121.03395  2.48
-40.0  -3.0   2.0 35.70762 -120.82246  2.82
-25.0  -3.0   2.0 35.79450 -120.69539  2.39
-15.0  -3.0   2.0 35.85241 -120.61060  2.05
 -8.0  -3.0   2.0 35.89296 -120.55121  3.24
 -3.0  -3.0   2.0 35.92192 -120.50877  3.40
 -1.0  -3.0   2.0 35.93350 -120.49179  2.45
  1.0  -3.0   2.0 35.94508 -120.47480  2.51
  5.0  -3.0   2.0 35.96825 -120.44083  2.57
 10.0  -3.0   2.0 35.99721 -120.39835  2.39
 17.0  -3.0   2.0 36.03775 -120.33885  2.19
 24.0  -3.0   2.0 36.07830 -120.27932  1.97
 27.0  -3.0   2.0 36.09567 -120.25380  1.81
 30.0  -3.0   2.0 36.11305 -120.22827  1.79
 33.0  -3.0   2.0 36.13042 -120.20274  1.80
 38.0  -3.0   2.0 36.15938 -120.16017  1.76
 45.0  -3.0   2.0 36.19993 -120.10055  1.66
 65.0  -3.0   2.0 36.31577 -119.93004  1.75
-65.0   3.0   2.0 35.60423 -121.07674  3.10
-40.0   3.0   2.0 35.74903 -120.86524  2.71
-25.0   3.0   2.0 35.83591 -120.73816  2.86
-15.0   3.0   2.0 35.89383 -120.65336  2.77
 -8.0   3.0   2.0 35.93437 -120.59397  3.46
 -3.0   3.0   2.0 35.96333 -120.55152  3.81
 -1.0   3.0   2.0 35.97492 -120.53454  2.34
  1.0   3.0   2.0 35.98650 -120.51756  2.51
  5.0   3.0   2.0 36.00967 -120.48358  1.94
 10.0   3.0   2.0 36.03863 -120.44110  2.42
 17.0   3.0   2.0 36.07917 -120.38159  1.62
 24.0   3.0   2.0 36.11971 -120.32206  2.16
 27.0   3.0   2.0 36.13709 -120.29654  1.75
 30.0   3.0   2.0 36.15446 -120.27101  1.75
 33.0   3.0   2.0 36.17184 -120.24547  1.96
 38.0   3.0   2.0 36.20080 -120.20290  1.79
 45.0   3.0   2.0 36.24134 -120.14327  1.63
 65.0   3.0   2.0 36.35718 -119.97275  1.73
-65.0   9.0   2.0 35.64565 -121.11956  2.86
-40.0   9.0   2.0 35.79045 -120.90804  2.84
-25.0   9.0   2.0 35.87733 -120.78095  2.64
-15.0   9.0   2.0 35.93524 -120.69615  2.51
 -8.0   9.0   2.0 35.97579 -120.63675  3.72
 -3.0   9.0   2.0 36.00475 -120.59430  3.33
 -1.0   9.0   2.0 36.01633 -120.57732  2.21
  1.0   9.0   2.0 36.02791 -120.56033  2.02
  5.0   9.0   2.0 36.05108 -120.52635  1.93
 10.0   9.0   2.0 36.08004 -120.48387  2.51
 17.0   9.0   2.0 36.12058 -120.42436  2.11
 24.0   9.0   2.0 36.16113 -120.36482  2.42
 27.0   9.0   2.0 36.17850 -120.33929  1.99
 30.0   9.0   2.0 36.19588 -120.31376  1.95
 33.0   9.0   2.0 36.21325 -120.28822  1.93
 38.0   9.0   2.0 36.24221 -120.24565  1.76
 45.0   9.0   2.0 36.28276 -120.18602  1.86
 65.0   9.0   2.0 36.39860 -120.01548  1.77
-65.0  15.0   2.0 35.68706 -121.16240  2.91
-40.0  15.0   2.0 35.83186 -120.95087  3.07
-25.0  15.0   2.0 35.91874 -120.82377  2.61
-15.0  15.0   2.0 35.97666 -120.73895  2.40
 -8.0  15.0   2.0 36.01720 -120.67955  3.49
 -3.0  15.0   2.0 36.04616 -120.63710  3.04
 -1.0  15.0   2.0 36.05775 -120.62012  2.56
  1.0  15.0   2.0 36.06933 -120.60313  2.41
  5.0  15.0   2.0 36.09250 -120.56915  2.40
 10.0  15.0   2.0 36.12146 -120.52666  2.43
 17.0  15.0   2.0 36.16200 -120.46714  2.56
 24.0  15.0   2.0 36.20254 -120.40760  1.96
 27.0  15.0   2.0 36.21992 -120.38207  2.10
 30.0  15.0   2.0 36.23729 -120.35654  1.96
 33.0  15.0   2.0 36.25467 -120.33100  1.95
 38.0  15.0   2.0 36.28363 -120.28842  1.81
 45.0  15.0   2.0 36.32417 -120.22879  1.48
 65.0  15.0   2.0 36.44001 -120.05823  1.79
-65.0  21.0   2.0 35.72848 -121.20526  3.16
-40.0  21.0   2.0 35.87328 -120.99371  3.30
-25.0  21.0   2.0 35.96016 -120.86660  2.85
-15.0  21.0   2.0 36.01807 -120.78178  2.77
 -8.0  21.0   2.0 36.05862 -120.72238  2.92
 -3.0  21.0   2.0 36.08758 -120.67992  2.84
 -1.0  21.0   2.0 36.09916 -120.66294  2.67
  1.0  21.0   2.0 36.11074 -120.64595  2.53
  5.0  21.0   2.0 36.13391 -120.61196  2.36
 10.0  21.0   2.0 36.16287 -120.56947  2.12
 17.0  21.0   2.0 36.20341 -120.50995  2.46
 24.0  21.0   2.0 36.24396 -120.45040  2.24
 27.0  21.0   2.0 36.26133 -120.42487  2.22
 30.0  21.0   2.0 36.27871 -120.39934  2.21
 33.0  21.0   2.0 36.29608 -120.37380  2.03
 38.0  21.0   2.0 36.32504 -120.33122  1.89
 45.0  21.0   2.0 36.36559 -120.27158  1.72
 65.0  21.0   2.0 36.48143 -120.10101  1.62
-65.0  30.0   2.0 35.79060 -121.26959  3.21
-40.0  30.0   2.0 35.93540 -121.05802  2.87
-25.0  30.0   2.0 36.02228 -120.93090  2.91
-15.0  30.0   2.0 36.08020 -120.84607  2.94
 -8.0  30.0   2.0 36.12074 -120.78665  2.85
 -3.0  30.0   2.0 36.14970 -120.74420  2.71
 -1.0  30.0   2.0 36.16128 -120.72721  2.86
  1.0  30.0   2.0 36.17287 -120.71022  2.78
  5.0  30.0   2.0 36.19603 -120.67623  2.41
 10.0  30.0   2.0 36.22499 -120.63373  2.52
 17.0  30.0   2.0 36.26554 -120.57421  3.03
 24.0  30.0   2.0 36.30608 -120.51465  2.60
 27.0  30.0   2.0 36.32346 -120.48912  2.35
 30.0  30.0   2.0 36.34083 -120.46358  2.36
 33.0  30.0   2.0 36.35821 -120.43804  2.47
 38.0  30.0   2.0 36.38717 -120.39545  2.12
 45.0  30.0   2.0 36.42771 -120.33580  2.08
 65.0  30.0   2.0 36.54355 -120.16522  1.85
-65.0  40.0   2.0 35.85963 -121.34113  2.96
-40.0  40.0   2.0 36.00442 -121.12954  2.73
-25.0  40.0   2.0 36.09130 -121.00240  2.87
-15.0  40.0   2.0 36.14922 -120.91756  2.96
 -8.0  40.0   2.0 36.18977 -120.85814  2.80
 -3.0  40.0   2.0 36.21872 -120.81567  2.61
 -1.0  40.0   2.0 36.23031 -120.79868  2.64
  1.0  40.0   2.0 36.24189 -120.78169  2.75
  5.0  40.0   2.0 36.26506 -120.74770  2.43
 10.0  40.0   2.0 36.29402 -120.70519  2.48
 17.0  40.0   2.0 36.33456 -120.64566  2.68
 24.0  40.0   2.0 36.37511 -120.58610  2.44
 27.0  40.0   2.0 36.39248 -120.56056  2.25
 30.0  40.0   2.0 36.40986 -120.53502  2.25
 33.0  40.0   2.0 36.42723 -120.50947  2.30
 38.0  40.0   2.0 36.45619 -120.46688  2.09
 45.0  40.0   2.0 36.49674 -120.40723  2.04
 65.0  40.0   2.0 36.61257 -120.23662  1.86
-65.0  50.0   2.0 35.92865 -121.41274  2.90
-40.0  50.0   2.0 36.07345 -121.20112  2.59
-25.0  50.0   2.0 36.16033 -121.07396  2.03
-15.0  50.0   2.0 36.21825 -120.98911  2.97
 -8.0  50.0   2.0 36.25879 -120.92968  2.75
 -3.0  50.0   2.0 36.28775 -120.88721  2.74
 -1.0  50.0   2.0 36.29933 -120.87022  2.80
  1.0  50.0   2.0 36.31092 -120.85322  2.71
  5.0  50.0   2.0 36.33408 -120.81923  2.44
 10.0  50.0   2.0 36.36304 -120.77672  2.65
 17.0  50.0   2.0 36.40359 -120.71718  2.62
 24.0  50.0   2.0 36.44413 -120.65761  2.28
 27.0  50.0   2.0 36.46151 -120.63207  2.15
 30.0  50.0   2.0 36.47888 -120.60652  2.14
 33.0  50.0   2.0 36.49626 -120.58097  2.13
 38.0  50.0   2.0 36.52522 -120.53838  2.06
 45.0  50.0   2.0 36.56576 -120.47871  2.01
 65.0  50.0   2.0 36.68160 -120.30808  1.87
-65.0 -70.0   4.0 35.10035 -120.55757  3.43
-40.0 -70.0   4.0 35.24515 -120.34627  3.21
-25.0 -70.0   4.0 35.33203 -120.21930  3.08
-15.0 -70.0   4.0 35.38995 -120.13458  2.99
 -8.0 -70.0   4.0 35.43049 -120.07524  3.45
 -3.0 -70.0   4.0 35.45945 -120.03284  3.27
 -1.0 -70.0   4.0 35.47103 -120.01587  3.23
  1.0 -70.0   4.0 35.48262 -119.99890  3.27
  5.0 -70.0   4.0 35.50578 -119.96496  3.21
 10.0 -70.0   4.0 35.53474 -119.92252  3.02
 17.0 -70.0   4.0 35.57529 -119.86307  2.74
 24.0 -70.0   4.0 35.61583 -119.80359  2.58
 27.0 -70.0   4.0 35.63321 -119.77809  2.57
 30.0 -70.0   4.0 35.65058 -119.75259  2.57
 33.0 -70.0   4.0 35.66796 -119.72708  2.56
 38.0 -70.0   4.0 35.69692 -119.68455  2.55
 45.0 -70.0   4.0 35.73746 -119.62498  2.12
 65.0 -70.0   4.0 35.85330 -119.45462  2.41
-65.0 -50.0   4.0 35.23840 -120.69949  3.09
-40.0 -50.0   4.0 35.38320 -120.48813  3.38
-25.0 -50.0   4.0 35.47008 -120.36113  3.56
-15.0 -50.0   4.0 35.52800 -120.27639  3.87
 -8.0 -50.0   4.0 35.56854 -120.21703  3.39
 -3.0 -50.0   4.0 35.59750 -120.17462  3.22
 -1.0 -50.0   4.0 35.60908 -120.15765  2.89
  1.0 -50.0   4.0 35.62067 -120.14068  2.76
  5.0 -50.0   4.0 35.64383 -120.10672  2.71
 10.0 -50.0   4.0 35.67279 -120.06427  3.31
 17.0 -50.0   4.0 35.71334 -120.00481  2.98
 24.0 -50.0   4.0 35.75388 -119.94531  2.45
 27.0 -50.0   4.0 35.77126 -119.91981  2.40
 30.0 -50.0   4.0 35.78863 -119.89429  2.22
 33.0 -50.0   4.0 35.80601 -119.86878  2.56
 38.0 -50.0   4.0 35.83497 -119.82624  2.54
 45.0 -50.0   4.0 35.87551 -119.76665  2.55
 65.0 -50.0   4.0 35.99135 -119.59625  2.55
-65.0 -40.0   4.0 35.30743 -120.77054  2.82
-40.0 -40.0   4.0 35.45222 -120.55915  3.33
-25.0 -40.0   4.0 35.53910 -120.43214  3.38
-15.0 -40.0   4.0 35.59702 -120.34738  3.41
 -8.0 -40.0   4.0 35.63756 -120.28802  3.34
 -3.0 -40.0   4.0 35.66652 -120.24560  3.24
 -1.0 -40.0   4.0 35.67811 -120.22863  2.82
  1.0 -40.0   4.0 35.68969 -120.21165  2.90
  5.0 -40.0   4.0 35.71286 -120.17770  2.93
 10.0 -40.0   4.0 35.74182 -120.13524  3.01
 17.0 -40.0   4.0 35.78236 -120.07577  2.71
 24.0 -40.0   4.0 35.82291 -120.01627  2.52
 27.0 -40.0   4.0 35.84028 -119.99076  2.43
 30.0 -40.0   4.0 35.85766 -119.96524  2.26
 33.0 -40.0   4.0 35.87503 -119.93972  2.56
 38.0 -40.0   4.0 35.90399 -119.89717  2.90
 45.0 -40.0   4.0 35.94453 -119.83758  2.52
 65.0 -40.0   4.0 36.06037 -119.66715  2.54
-65.0 -30.0   4.0 35.37645 -120.84165  2.77
-40.0 -30.0   4.0 35.52125 -120.63023  3.10
-25.0 -30.0   4.0 35.60813 -120.50320  3.19
-15.0 -30.0   4.0 35.66605 -120.41844  3.10
 -8.0 -30.0   4.0 35.70659 -120.35907  3.12
 -3.0 -30.0   4.0 35.73555 -120.31664  3.22
 -1.0 -30.0   4.0 35.74713 -120.29967  2.87
  1.0 -30.0   4.0 35.75872 -120.28269  3.00
  5.0 -30.0   4.0 35.78188 -120.24873  3.18
 10.0 -30.0   4.0 35.81084 -120.20627  2.88
 17.0 -30.0   4.0 35.85139 -120.14679  2.65
 24.0 -30.0   4.0 35.89193 -120.08728  2.59
 27.0 -30.0   4.0 35.90931 -120.06177  2.45
 30.0 -30.0   4.0 35.92668 -120.03625  2.29
 33.0 -30.0   4.0 35.94406 -120.01072  2.54
 38.0 -30.0   4.0 35.97302 -119.96817  2.52
 45.0 -30.0   4.0 36.01356 -119.90857  2.48
 65.0 -30.0   4.0 36.12940 -119.73812  2.54
-65.0 -21.0   4.0 35.43857 -120.90570  2.82
-40.0 -21.0   4.0 35.58337 -120.69426  3.04
-25.0 -21.0   4.0 35.67025 -120.56722  3.27
-15.0 -21.0   4.0 35.72817 -120.48244  2.98
 -8.0 -21.0   4.0 35.76871 -120.42307  3.11
 -3.0 -21.0   4.0 35.79767 -120.38064  3.04
 -1.0 -21.0   4.0 35.80926 -120.36366  2.95
  1.0 -21.0   4.0 35.82084 -120.34668  3.06
  5.0 -21.0   4.0 35.84401 -120.31271  3.52
 10.0 -21.0   4.0 35.87297 -120.27024  2.78
 17.0 -21.0   4.0 35.91351 -120.21076  2.71
 24.0 -21.0   4.0 35.95405 -120.15124  2.52
 27.0 -21.0   4.0 35.97143 -120.12573  2.52
 30.0 -21.0   4.0 35.98880 -120.10021  2.45
 33.0 -21.0   4.0 36.00618 -120.07468  2.51
 38.0 -21.0   4.0 36.03514 -120.03212  2.44
 45.0 -21.0   4.0 36.07568 -119.97251  2.44
 65.0 -21.0   4.0 36.19152 -119.80204  2.38
-65.0 -15.0   4.0 35.47999 -120.94842  3.17
-40.0 -15.0   4.0 35.62479 -120.73697  3.32
-25.0 -15.0   4.0 35.71167 -120.60992  3.60
-15.0 -15.0   4.0 35.76958 -120.52514  3.54
 -8.0 -15.0   4.0 35.81013 -120.46576  3.16
 -3.0 -15.0   4.0 35.83909 -120.42332  3.22
 -1.0 -15.0   4.0 35.85067 -120.40635  3.19
  1.0 -15.0   4.0 35.86225 -120.38937  2.98
  5.0 -15.0   4.0 35.88542 -120.35540  3.08
 10.0 -15.0   4.0 35.91438 -120.31292  2.64
 17.0 -15.0   4.0 35.95492 -120.25343  2.90
 24.0 -15.0   4.0 35.99547 -120.19391  2.58
 27.0 -15.0   4.0 36.01284 -120.16840  2.58
 30.0 -15.0   4.0 36.03022 -120.14287  2.36
 33.0 -15.0   4.0 36.04759 -120.11734  2.63
 38.0 -15.0   4.0 36.07655 -120.07478  2.42
 45.0 -15.0   4.0 36.11710 -120.01517  2.45
 65.0 -15.0   4.0 36.23294 -119.84468  2.29
-65.0  -9.0   4.0 35.52140 -120.99118  3.14
-40.0  -9.0   4.0 35.66620 -120.77971  3.30
-25.0  -9.0   4.0 35.75308 -120.65264  3.33
-15.0  -9.0   4.0 35.81100 -120.56786  3.28
 -8.0  -9.0   4.0 35.85154 -120.50847  3.34
 -3.0  -9.0   4.0 35.88050 -120.46604  3.32
 -1.0  -9.0   4.0 35.89209 -120.44906  2.82
  1.0  -9.0   4.0 35.90367 -120.43207  3.12
  5.0  -9.0   4.0 35.92684 -120.39810  2.71
 10.0  -9.0   4.0 35.95580 -120.35563  2.81
 17.0  -9.0   4.0 35.99634 -120.29613  3.17
 24.0  -9.0   4.0 36.03688 -120.23661  2.71
 27.0  -9.0   4.0 36.05426 -120.21109  2.82
 30.0  -9.0   4.0 36.07163 -120.18556  2.49
 33.0  -9.0   4.0 36.08901 -120.16003  2.54
 38.0  -9.0   4.0 36.11797 -120.11747  2.28
 45.0  -9.0   4.0 36.15851 -120.05785  2.27
 65.0  -9.0   4.0 36.27435 -119.88735  2.40
-65.0  -3.0   4.0 35.56282 -121.03395  2.84
-40.0  -3.0   4.0 35.70762 -120.82246  3.52
-25.0  -3.0   4.0 35.79450 -120.69539  3.23
-15.0  -3.0   4.0 35.85241 -120.61060  3.15
 -8.0  -3.0   4.0 35.89296 -120.55121  3.50
 -3.0  -3.0   4.0 35.92192 -120.50877  3.41
 -1.0  -3.0   4.0 35.93350 -120.49179  2.87
  1.0  -3.0   4.0 35.94508 -120.47480  2.71
  5.0  -3.0   4.0 35.96825 -120.44083  2.54
 10.0  -3.0   4.0 35.99721 -120.39835  2.70
 17.0  -3.0   4.0 36.03775 -120.33885  2.87
 24.0  -3.0   4.0 36.07830 -120.27932  2.79
 27.0  -3.0   4.0 36.09567 -120.25380  2.62
 30.0  -3.0   4.0 36.11305 -120.22827  2.45
 33.0  -3.0   4.0 36.13042 -120.20274  2.44
 38.0  -3.0   4.0 36.15938 -120.16017  2.38
 45.0  -3.0   4.0 36.19993 -120.10055  2.50
 65.0  -3.0   4.0 36.31577 -119.93004  2.76
-65.0   3.0   4.0 35.60423 -121.07674  3.08
-40.0   3.0   4.0 35.74903 -120.86524  3.49
-25.0   3.0   4.0 35.83591 -120.73816  3.32
-15.0   3.0   4.0 35.89383 -120.65336  3.31
 -8.0   3.0   4.0 35.93437 -120.59397  3.45
 -3.0   3.0   4.0 35.96333 -120.55152  3.07
 -1.0   3.0   4.0 35.97492 -120.53454  3.04
  1.0   3.0   4.0 35.98650 -120.51756  2.75
  5.0   3.0   4.0 36.00967 -120.48358  2.65
 10.0   3.0   4.0 36.03863 -120.44110  2.39
 17.0   3.0   4.0 36.07917 -120.38159  2.74
 24.0   3.0   4.0 36.11971 -120.32206  3.01
 27.0   3.0   4.0 36.13709 -120.29654  2.56
 30.0   3.0   4.0 36.15446 -120.27101  2.24
 33.0   3.0   4.0 36.17184 -120.24547  2.53
 38.0   3.0   4.0 36.20080 -120.20290  2.58
 45.0   3.0   4.0 36.24134 -120.14327  2.25
 65.0   3.0   4.0 36.35718 -119.97275  2.41
-65.0   9.0   4.0 35.64565 -121.11956  3.20
-40.0   9.0   4.0 35.79045 -120.90804  3.44
-25.0   9.0   4.0 35.87733 -120.78095  3.49
-15.0   9.0   4.0 35.93524 -120.69615  3.65
 -8.0   9.0   4.0 35.97579 -120.63675  3.53
 -3.0   9.0   4.0 36.00475 -120.59430  3.45
 -1.0   9.0   4.0 36.01633 -120.57732  3.02
  1.0   9.0   4.0 36.02791 -120.56033  2.66
  5.0   9.0   4.0 36.05108 -120.52635  2.72
 10.0   9.0   4.0 36.08004 -120.48387  2.32
 17.0   9.0   4.0 36.12058 -120.42436  3.63
 24.0   9.0   4.0 36.16113 -120.36482  3.27
 27.0   9.0   4.0 36.17850 -120.33929  2.39
 30.0   9.0   4.0 36.19588 -120.31376  2.64
 33.0   9.0   4.0 36.21325 -120.28822  2.65
 38.0   9.0   4.0 36.24221 -120.24565  2.37
 45.0   9.0   4.0 36.28276 -120.18602  2.45
 65.0   9.0   4.0 36.39860 -120.01548  2.41
-65.0  15.0   4.0 35.68706 -121.16240  3.26
-40.0  15.0   4.0 35.83186 -120.95087  3.69
-25.0  15.0   4.0 35.91874 -120.82377  3.30
-15.0  15.0   4.0 35.97666 -120.73895  3.13
 -8.0  15.0   4.0 36.01720 -120.67955  3.38
 -3.0  15.0   4.0 36.04616 -120.63710  3.31
 -1.0  15.0   4.0 36.05775 -120.62012  2.80
  1.0  15.0   4.0 36.06933 -120.60313  2.57
  5.0  15.0   4.0 36.09250 -120.56915  2.55
 10.0  15.0   4.0 36.12146 -120.52666  2.75
 17.0  15.0   4.0 36.16200 -120.46714  3.07
 24.0  15.0   4.0 36.20254 -120.40760  2.82
 27.0  15.0   4.0 36.21992 -120.38207  2.70
 30.0  15.0   4.0 36.23729 -120.35654  2.87
 33.0  15.0   4.0 36.25467 -120.33100  2.69
 38.0  15.0   4.0 36.28363 -120.28842  2.28
 45.0  15.0   4.0 36.32417 -120.22879  1.95
 65.0  15.0   4.0 36.44001 -120.05823  2.41
-65.0  21.0   4.0 35.72848 -121.20526  3.59
-40.0  21.0   4.0 35.87328 -120.99371  3.66
-25.0  21.0   4.0 35.96016 -120.86660  3.38
-15.0  21.0   4.0 36.01807 -120.78178  3.37
 -8.0  21.0   4.0 36.05862 -120.72238  3.23
 -3.0  21.0   4.0 36.08758 -120.67992  3.30
 -1.0  21.0   4.0 36.09916 -120.66294  3.00
  1.0  21.0   4.0 36.11074 -120.64595  2.82
  5.0  21.0   4.0 36.13391 -120.61196  2.66
 10.0  21.0   4.0 36.16287 -120.56947  2.57
 17.0  21.0   4.0 36.20341 -120.50995  3.29
 24.0  21.0   4.0 36.24396 -120.45040  3.10
 27.0  21.0   4.0 36.26133 -120.42487  2.55
 30.0  21.0   4.0 36.27871 -120.39934  2.54
 33.0  21.0   4.0 36.29608 -120.37380  2.47
 38.0  21.0   4.0 36.32504 -120.33122  2.48
 45.0  21.0   4.0 36.36559 -120.27158  2.25
 65.0  21.0   4.0 36.48143 -120.10101  2.19
-65.0  30.0   4.0 35.79060 -121.26959  4.02
-40.0  30.0   4.0 35.93540 -121.05802  3.52
-25.0  30.0   4.0 36.02228 -120.93090  3.35
-15.0  30.0   4.0 36.08020 -120.84607  3.36
 -8.0  30.0   4.0 36.12074 -120.78665  3.19
 -3.0  30.0   4.0 36.14970 -120.74420  3.11
 -1.0  30.0   4.0 36.16128 -120.72721  3.17
  1.0  30.0   4.0 36.17287 -120.71022  3.25
  5.0  30.0   4.0 36.19603 -120.67623  3.10
 10.0  30.0   4.0 36.22499 -120.63373  3.03
 17.0  30.0   4.0 36.26554 -120.57421  3.73
 24.0  30.0   4.0 36.30608 -120.51465  2.95
 27.0  30.0   4.0 36.32346 -120.48912  2.74
 30.0  30.0   4.0 36.34083 -120.46358  2.97
 33.0  30.0   4.0 36.35821 -120.43804  2.88
 38.0  30.0   4.0 36.38717 -120.39545  2.74
 45.0  30.0   4.0 36.42771 -120.33580  2.63
 65.0  30.0   4.0 36.54355 -120.16522  2.47
-65.0  40.0   4.0 35.85963 -121.34113  3.86
-40.0  40.0   4.0 36.00442 -121.12954  3.23
-25.0  40.0   4.0 36.09130 -121.00240  3.36
-15.0  40.0   4.0 36.14922 -120.91756  3.41
 -8.0  40.0   4.0 36.18977 -120.85814  3.14
 -3.0  40.0   4.0 36.21872 -120.81567  3.15
 -1.0  40.0   4.0 36.23031 -120.79868  3.04
  1.0  40.0   4.0 36.24189 -120.78169  2.95
  5.0  40.0   4.0 36.26506 -120.74770  3.06
 10.0  40.0   4.0 36.29402 -120.70519  3.31
 17.0  40.0   4.0 36.33456 -120.64566  3.39
 24.0  40.0   4.0 36.37511 -120.58610  2.93
 27.0  40.0   4.0 36.39248 -120.56056  2.74
 30.0  40.0   4.0 36.40986 -120.53502  2.85
 33.0  40.0   4.0 36.42723 -120.50947  2.79
 38.0  40.0   4.0 36.45619 -120.46688  2.70
 45.0  40.0   4.0 36.49674 -120.40723  2.61
 65.0  40.0   4.0 36.61257 -120.23662  2.48
-65.0  50.0   4.0 35.92865 -121.41274  3.84
-40.0  50.0   4.0 36.07345 -121.20112  3.07
-25.0  50.0   4.0 36.16033 -121.07396  3.35
-15.0  50.0   4.0 36.21825 -120.98911  3.46
 -8.0  50.0   4.0 36.25879 -120.92968  3.24
 -3.0  50.0   4.0 36.28775 -120.88721  3.41
 -1.0  50.0   4.0 36.29933 -120.87022  3.13
  1.0  50.0   4.0 36.31092 -120.85322  2.87
  5.0  50.0   4.0 36.33408 -120.81923  3.01
 10.0  50.0   4.0 36.36304 -120.77672  3.58
 17.0  50.0   4.0 36.40359 -120.71718  3.28
 24.0  50.0   4.0 36.44413 -120.65761  2.91
 27.0  50.0   4.0 36.46151 -120.63207  2.75
 30.0  50.0   4.0 36.47888 -120.60652  2.73
 33.0  50.0   4.0 36.49626 -120.58097  2.72
 38.0  50.0   4.0 36.52522 -120.53838  2.66
 45.0  50.0   4.0 36.56576 -120.47871  2.59
 65.0  50.0   4.0 36.68160 -120.30808  2.50
-65.0 -70.0   6.0 35.10035 -120.55757  3.55
-40.0 -70.0   6.0 35.24515 -120.34627  3.37
-25.0 -70.0   6.0 35.33203 -120.21930  3.34
-15.0 -70.0   6.0 35.38995 -120.13458  3.32
 -8.0 -70.0   6.0 35.43049 -120.07524  3.37
 -3.0 -70.0   6.0 35.45945 -120.03284  3.29
 -1.0 -70.0   6.0 35.47103 -120.01587  3.24
  1.0 -70.0   6.0 35.48262 -119.99890  3.30
  5.0 -70.0   6.0 35.50578 -119.96496  3.23
 10.0 -70.0   6.0 35.53474 -119.92252  3.08
 17.0 -70.0   6.0 35.57529 -119.86307  2.91
 24.0 -70.0   6.0 35.61583 -119.80359  2.98
 27.0 -70.0   6.0 35.63321 -119.77809  2.96
 30.0 -70.0   6.0 35.65058 -119.75259  2.96
 33.0 -70.0   6.0 35.66796 -119.72708  2.97
 38.0 -70.0   6.0 35.69692 -119.68455  2.98
 45.0 -70.0   6.0 35.73746 -119.62498  2.73
 65.0 -70.0   6.0 35.85330 -119.45462  3.36
-65.0 -50.0   6.0 35.23840 -120.69949  3.58
-40.0 -50.0   6.0 35.38320 -120.48813  3.31
-25.0 -50.0   6.0 35.47008 -120.36113  3.64
-15.0 -50.0   6.0 35.52800 -120.27639  3.85
 -8.0 -50.0   6.0 35.56854 -120.21703  3.46
 -3.0 -50.0   6.0 35.59750 -120.17462  3.21
 -1.0 -50.0   6.0 35.60908 -120.15765  3.02
  1.0 -50.0   6.0 35.62067 -120.14068  3.15
  5.0 -50.0   6.0 35.64383 -120.10672  3.11
 10.0 -50.0   6.0 35.67279 -120.06427  3.17
 17.0 -50.0   6.0 35.71334 -120.00481  3.08
 24.0 -50.0   6.0 35.75388 -119.94531  2.70
 27.0 -50.0   6.0 35.77126 -119.91981  2.58
 30.0 -50.0   6.0 35.78863 -119.89429  2.65
 33.0 -50.0   6.0 35.80601 -119.86878  2.22
 38.0 -50.0   6.0 35.83497 -119.82624  2.98
 45.0 -50.0   6.0 35.87551 -119.76665  3.00
 65.0 -50.0   6.0 35.99135 -119.59625  3.12
-65.0 -40.0   6.0 35.30743 -120.77054  3.34
-40.0 -40.0   6.0 35.45222 -120.55915  3.46
-25.0 -40.0   6.0 35.53910 -120.43214  3.89
-15.0 -40.0   6.0 35.59702 -120.34738  3.87
 -8.0 -40.0   6.0 35.63756 -120.28802  3.51
 -3.0 -40.0   6.0 35.66652 -120.24560  3.31
 -1.0 -40.0   6.0 35.67811 -120.22863  2.99
  1.0 -40.0   6.0 35.68969 -120.21165  3.04
  5.0 -40.0   6.0 35.71286 -120.17770  3.24
 10.0 -40.0   6.0 35.74182 -120.13524  3.11
 17.0 -40.0   6.0 35.78236 -120.07577  2.94
 24.0 -40.0   6.0 35.82291 -120.01627  2.75
 27.0 -40.0   6.0 35.84028 -119.99076  2.60
 30.0 -40.0   6.0 35.85766 -119.96524  2.62
 33.0 -40.0   6.0 35.87503 -119.93972  2.62
 38.0 -40.0   6.0 35.90399 -119.89717  2.98
 45.0 -40.0   6.0 35.94453 -119.83758  2.98
 65.0 -40.0   6.0 36.06037 -119.66715  3.34
-65.0 -30.0   6.0 35.37645 -120.84165  3.40
-40.0 -30.0   6.0 35.52125 -120.63023  3.59
-25.0 -30.0   6.0 35.60813 -120.50320  3.82
-15.0 -30.0   6.0 35.66605 -120.41844  3.59
 -8.0 -30.0   6.0 35.70659 -120.35907  3.34
 -3.0 -30.0   6.0 35.73555 -120.31664  3.45
 -1.0 -30.0   6.0 35.74713 -120.29967  3.13
  1.0 -30.0   6.0 35.75872 -120.28269  3.00
  5.0 -30.0   6.0 35.78188 -120.24873  3.42
 10.0 -30.0   6.0 35.81084 -120.20627  3.04
 17.0 -30.0   6.0 35.85139 -120.14679  2.84
 24.0 -30.0   6.0 35.89193 -120.08728  2.85
 27.0 -30.0   6.0 35.90931 -120.06177  2.75
 30.0 -30.0   6.0 35.92668 -120.03625  2.70
 33.0 -30.0   6.0 35.94406 -120.01072  2.95
 38.0 -30.0   6.0 35.97302 -119.96817  2.92
 45.0 -30.0   6.0 36.01356 -119.90857  2.95
 65.0 -30.0   6.0 36.12940 -119.73812  3.55
-65.0 -21.0   6.0 35.43857 -120.90570  3.67
-40.0 -21.0   6.0 35.58337 -120.69426  3.16
-25.0 -21.0   6.0 35.67025 -120.56722  3.52
-15.0 -21.0   6.0 35.72817 -120.48244  3.45
 -8.0 -21.0   6.0 35.76871 -120.42307  3.46
 -3.0 -21.0   6.0 35.79767 -120.38064  3.53
 -1.0 -21.0   6.0 35.80926 -120.36366  3.15
  1.0 -21.0   6.0 35.82084 -120.34668  3.07
  5.0 -21.0   6.0 35.84401 -120.31271  3.44
 10.0 -21.0   6.0 35.87297 -120.27024  3.15
 17.0 -21.0   6.0 35.91351 -120.21076  2.81
 24.0 -21.0   6.0 35.95405 -120.15124  2.68
 27.0 -21.0   6.0 35.97143 -120.12573  2.61
 30.0 -21.0   6.0 35.98880 -120.10021  2.86
 33.0 -21.0   6.0 36.00618 -120.07468  2.95
 38.0 -21.0   6.0 36.03514 -120.03212  2.97
 45.0 -21.0   6.0 36.07568 -119.97251  3.01
 65.0 -21.0   6.0 36.19152 -119.80204  3.45
-65.0 -15.0   6.0 35.47999 -120.94842  3.42
-40.0 -15.0   6.0 35.62479 -120.73697  3.37
-25.0 -15.0   6.0 35.71167 -120.60992  3.58
-15.0 -15.0   6.0 35.76958 -120.52514  3.87
 -8.0 -15.0   6.0 35.81013 -120.46576  3.46
 -3.0 -15.0   6.0 35.83909 -120.42332  3.57
 -1.0 -15.0   6.0 35.85067 -120.40635  3.22
  1.0 -15.0   6.0 35.86225 -120.38937  3.12
  5.0 -15.0   6.0 35.88542 -120.35540  3.41
 10.0 -15.0   6.0 35.91438 -120.31292  2.96
 17.0 -15.0   6.0 35.95492 -120.25343  2.83
 24.0 -15.0   6.0 35.99547 -120.19391  2.83
 27.0 -15.0   6.0 36.01284 -120.16840  2.86
 30.0 -15.0   6.0 36.03022 -120.14287  2.85
 33.0 -15.0   6.0 36.04759 -120.11734  3.13
 38.0 -15.0   6.0 36.07655 -120.07478  3.11
 45.0 -15.0   6.0 36.11710 -120.01517  2.92
 65.0 -15.0   6.0 36.23294 -119.84468  3.73
-65.0  -9.0   6.0 35.52140 -120.99118  3.39
-40.0  -9.0   6.0 35.66620 -120.77971  3.54
-25.0  -9.0   6.0 35.75308 -120.65264  3.60
-15.0  -9.0   6.0 35.81100 -120.56786  3.68
 -8.0  -9.0   6.0 35.85154 -120.50847  3.27
 -3.0  -9.0   6.0 35.88050 -120.46604  3.72
 -1.0  -9.0   6.0 35.89209 -120.44906  3.28
  1.0  -9.0   6.0 35.90367 -120.43207  3.41
  5.0  -9.0   6.0 35.92684 -120.39810  2.89
 10.0  -9.0   6.0 35.95580 -120.35563  2.71
 17.0  -9.0   6.0 35.99634 -120.29613  2.66
 24.0  -9.0   6.0 36.03688 -120.23661  3.04
 27.0  -9.0   6.0 36.05426 -120.21109  2.90
 30.0  -9.0   6.0 36.07163 -120.18556  2.82
 33.0  -9.0   6.0 36.08901 -120.16003  2.92
 38.0  -9.0   6.0 36.11797 -120.11747  2.76
 45.0  -9.0   6.0 36.15851 -120.05785  2.48
 65.0  -9.0   6.0 36.27435 -119.88735  3.40
-65.0  -3.0   6.0 35.56282 -121.03395  3.08
-40.0  -3.0   6.0 35.70762 -120.82246  3.42
-25.0  -3.0   6.0 35.79450 -120.69539  3.58
-15.0  -3.0   6.0 35.85241 -120.61060  3.60
 -8.0  -3.0   6.0 35.89296 -120.55121  3.08
 -3.0  -3.0   6.0 35.92192 -120.50877  3.56
 -1.0  -3.0   6.0 35.93350 -120.49179  3.26
  1.0  -3.0   6.0 35.94508 -120.47480  3.00
  5.0  -3.0   6.0 35.96825 -120.44083  2.99
 10.0  -3.0   6.0 35.99721 -120.39835  2.76
 17.0  -3.0   6.0 36.03775 -120.33885  2.81
 24.0  -3.0   6.0 36.07830 -120.27932  3.23
 27.0  -3.0   6.0 36.09567 -120.25380  2.89
 30.0  -3.0   6.0 36.11305 -120.22827  2.79
 33.0  -3.0   6.0 36.13042 -120.20274  2.74
 38.0  -3.0   6.0 36.15938 -120.16017  2.62
 45.0  -3.0   6.0 36.19993 -120.10055  2.53
 65.0  -3.0   6.0 36.31577 -119.93004  3.04
-65.0   3.0   6.0 35.60423 -121.07674  3.11
-40.0   3.0   6.0 35.74903 -120.86524  3.49
-25.0   3.0   6.0 35.83591 -120.73816  3.62
-15.0   3.0   6.0 35.89383 -120.65336  3.76
 -8.0   3.0   6.0 35.93437 -120.59397  3.37
 -3.0   3.0   6.0 35.96333 -120.55152  3.54
 -1.0   3.0   6.0 35.97492 -120.53454  3.50
  1.0   3.0   6.0 35.98650 -120.51756  3.02
  5.0   3.0   6.0 36.00967 -120.48358  2.97
 10.0   3.0   6.0 36.03863 -120.44110  2.54
 17.0   3.0   6.0 36.07917 -120.38159  3.00
 24.0   3.0   6.0 36.11971 -120.32206  3.46
 27.0   3.0   6.0 36.13709 -120.29654  2.68
 30.0   3.0   6.0 36.15446 -120.27101  2.58
 33.0   3.0   6.0 36.17184 -120.24547  2.57
 38.0   3.0   6.0 36.20080 -120.20290  2.64
 45.0   3.0   6.0 36.24134 -120.14327  2.49
 65.0   3.0   6.0 36.35718 -119.97275  2.96
-65.0   9.0   6.0 35.64565 -121.11956  3.55
-40.0   9.0   6.0 35.79045 -120.90804  3.44
-25.0   9.0   6.0 35.87733 -120.78095  3.71
-15.0   9.0   6.0 35.93524 -120.69615  3.84
 -8.0   9.0   6.0 35.97579 -120.63675  3.48
 -3.0   9.0   6.0 36.00475 -120.59430  3.47
 -1.0   9.0   6.0 36.01633 -120.57732  3.24
  1.0   9.0   6.0 36.02791 -120.56033  2.95
  5.0   9.0   6.0 36.05108 -120.52635  2.61
 10.0   9.0   6.0 36.08004 -120.48387  2.70
 17.0   9.0   6.0 36.12058 -120.42436  3.03
 24.0   9.0   6.0 36.16113 -120.36482  3.36
 27.0   9.0   6.0 36.17850 -120.33929  2.58
 30.0   9.0   6.0 36.19588 -120.31376  2.65
 33.0   9.0   6.0 36.21325 -120.28822  2.73
 38.0   9.0   6.0 36.24221 -120.24565  2.85
 45.0   9.0   6.0 36.28276 -120.18602  2.82
 65.0   9.0   6.0 36.39860 -120.01548  2.91
-65.0  15.0   6.0 35.68706 -121.16240  3.43
-40.0  15.0   6.0 35.83186 -120.95087  3.57
-25.0  15.0   6.0 35.91874 -120.82377  3.48
-15.0  15.0   6.0 35.97666 -120.73895  3.34
 -8.0  15.0   6.0 36.01720 -120.67955  3.38
 -3.0  15.0   6.0 36.04616 -120.63710  3.67
 -1.0  15.0   6.0 36.05775 -120.62012  3.19
  1.0  15.0   6.0 36.06933 -120.60313  2.84
  5.0  15.0   6.0 36.09250 -120.56915  2.56
 10.0  15.0   6.0 36.12146 -120.52666  2.77
 17.0  15.0   6.0 36.16200 -120.46714  2.91
 24.0  15.0   6.0 36.20254 -120.40760  3.32
 27.0  15.0   6.0 36.21992 -120.38207  2.99
 30.0  15.0   6.0 36.23729 -120.35654  2.80
 33.0  15.0   6.0 36.25467 -120.33100  2.82
 38.0  15.0   6.0 36.28363 -120.28842  2.42
 45.0  15.0   6.0 36.32417 -120.22879  2.44
 65.0  15.0   6.0 36.44001 -120.05823  2.89
-65.0  21.0   6.0 35.72848 -121.20526  3.46
-40.0  21.0   6.0 35.87328 -120.99371  3.42
-25.0  21.0   6.0 35.96016 -120.86660  3.60
-15.0  21.0   6.0 36.01807 -120.78178  3.68
 -8.0  21.0   6.0 36.05862 -120.72238  3.33
 -3.0  21.0   6.0 36.08758 -120.67992  3.54
 -1.0  21.0   6.0 36.09916 -120.66294  3.25
  1.0  21.0   6.0 36.11074 -120.64595  3.08
  5.0  21.0   6.0 36.13391 -120.61196  2.78
 10.0  21.0   6.0 36.16287 -120.56947  2.96
 17.0  21.0   6.0 36.20341 -120.50995  2.98
 24.0  21.0   6.0 36.24396 -120.45040  3.19
 27.0  21.0   6.0 36.26133 -120.42487  3.03
 30.0  21.0   6.0 36.27871 -120.39934  2.54
 33.0  21.0   6.0 36.29608 -120.37380  2.50
 38.0  21.0   6.0 36.32504 -120.33122  2.47
 45.0  21.0   6.0 36.36559 -120.27158  2.60
 65.0  21.0   6.0 36.48143 -120.10101  2.59
-65.0  30.0   6.0 35.79060 -121.26959  4.27
-40.0  30.0   6.0 35.93540 -121.05802  3.61
-25.0  30.0   6.0 36.02228 -120.93090  3.61
-15.0  30.0   6.0 36.08020 -120.84607  3.40
 -8.0  30.0   6.0 36.12074 -120.78665  3.38
 -3.0  30.0   6.0 36.14970 -120.74420  3.49
 -1.0  30.0   6.0 36.16128 -120.72721  3.30
  1.0  30.0   6.0 36.17287 -120.71022  3.15
  5.0  30.0   6.0 36.19603 -120.67623  3.08
 10.0  30.0   6.0 36.22499 -120.63373  3.14
 17.0  30.0   6.0 36.26554 -120.57421  3.29
 24.0  30.0   6.0 36.30608 -120.51465  3.13
 27.0  30.0   6.0 36.32346 -120.48912  2.99
 30.0  30.0   6.0 36.34083 -120.46358  2.87
 33.0  30.0   6.0 36.35821 -120.43804  2.61
 38.0  30.0   6.0 36.38717 -120.39545  2.67
 45.0  30.0   6.0 36.42771 -120.33580  2.54
 65.0  30.0   6.0 36.54355 -120.16522  2.93
-65.0  40.0   6.0 35.85963 -121.34113  4.22
-40.0  40.0   6.0 36.00442 -121.12954  3.43
-25.0  40.0   6.0 36.09130 -121.00240  3.53
-15.0  40.0   6.0 36.14922 -120.91756  3.47
 -8.0  40.0   6.0 36.18977 -120.85814  3.47
 -3.0  40.0   6.0 36.21872 -120.81567  3.38
 -1.0  40.0   6.0 36.23031 -120.79868  3.32
  1.0  40.0   6.0 36.24189 -120.78169  3.22
  5.0  40.0   6.0 36.26506 -120.74770  3.30
 10.0  40.0   6.0 36.29402 -120.70519  3.57
 17.0  40.0   6.0 36.33456 -120.64566  3.29
 24.0  40.0   6.0 36.37511 -120.58610  3.21
 27.0  40.0   6.0 36.39248 -120.56056  3.05
 30.0  40.0   6.0 36.40986 -120.53502  2.95
 33.0  40.0   6.0 36.42723 -120.50947  2.80
 38.0  40.0   6.0 36.45619 -120.46688  2.84
 45.0  40.0   6.0 36.49674 -120.40723  2.77
 65.0  40.0   6.0 36.61257 -120.23662  2.94
-65.0  50.0   6.0 35.92865 -121.41274  4.09
-40.0  50.0   6.0 36.07345 -121.20112  3.35
-25.0  50.0   6.0 36.16033 -121.07396  3.57
-15.0  50.0   6.0 36.21825 -120.98911  3.61
 -8.0  50.0   6.0 36.25879 -120.92968  3.62
 -3.0  50.0   6.0 36.28775 -120.88721  3.37
 -1.0  50.0   6.0 36.29933 -120.87022  3.34
  1.0  50.0   6.0 36.31092 -120.85322  3.25
  5.0  50.0   6.0 36.33408 -120.81923  3.38
 10.0  50.0   6.0 36.36304 -120.77672  3.92
 17.0  50.0   6.0 36.40359 -120.71718  3.29
 24.0  50.0   6.0 36.44413 -120.65761  3.28
 27.0  50.0   6.0 36.46151 -120.63207  3.11
 30.0  50.0   6.0 36.47888 -120.60652  3.03
 33.0  50.0   6.0 36.49626 -120.58097  2.98
 38.0  50.0   6.0 36.52522 -120.53838  2.98
 45.0  50.0   6.0 36.56576 -120.47871  2.97
 65.0  50.0   6.0 36.68160 -120.30808  2.95
-65.0 -70.0   9.0 35.10035 -120.55757  3.54
-40.0 -70.0   9.0 35.24515 -120.34627  3.52
-25.0 -70.0   9.0 35.33203 -120.21930  3.80
-15.0 -70.0   9.0 35.38995 -120.13458  3.99
 -8.0 -70.0   9.0 35.43049 -120.07524  3.58
 -3.0 -70.0   9.0 35.45945 -120.03284  3.41
 -1.0 -70.0   9.0 35.47103 -120.01587  3.30
  1.0 -70.0   9.0 35.48262 -119.99890  3.26
  5.0 -70.0   9.0 35.50578 -119.96496  3.31
 10.0 -70.0   9.0 35.53474 -119.92252  3.23
 17.0 -70.0   9.0 35.57529 -119.86307  3.19
 24.0 -70.0   9.0 35.61583 -119.80359  3.36
 27.0 -70.0   9.0 35.63321 -119.77809  3.33
 30.0 -70.0   9.0 35.65058 -119.75259  3.33
 33.0 -70.0   9.0 35.66796 -119.72708  3.36
 38.0 -70.0   9.0 35.69692 -119.68455  3.38
 45.0 -70.0   9.0 35.73746 -119.62498  3.31
 65.0 -70.0   9.0 35.85330 -119.45462  3.64
-65.0 -50.0   9.0 35.23840 -120.69949  3.66
-40.0 -50.0   9.0 35.38320 -120.48813  3.32
-25.0 -50.0   9.0 35.47008 -120.36113  3.76
-15.0 -50.0   9.0 35.52800 -120.27639  4.02
 -8.0 -50.0   9.0 35.56854 -120.21703  3.88
 -3.0 -50.0   9.0 35.59750 -120.17462  3.51
 -1.0 -50.0   9.0 35.60908 -120.15765  3.32
  1.0 -50.0   9.0 35.62067 -120.14068  3.30
  5.0 -50.0   9.0 35.64383 -120.10672  3.47
 10.0 -50.0   9.0 35.67279 -120.06427  3.24
 17.0 -50.0   9.0 35.71334 -120.00481  2.94
 24.0 -50.0   9.0 35.75388 -119.94531  2.90
 27.0 -50.0   9.0 35.77126 -119.91981  2.73
 30.0 -50.0   9.0 35.78863 -119.89429  2.91
 33.0 -50.0   9.0 35.80601 -119.86878  2.63
 38.0 -50.0   9.0 35.83497 -119.82624  3.39
 45.0 -50.0   9.0 35.87551 -119.76665  3.43
 65.0 -50.0   9.0 35.99135 -119.59625  3.66
-65.0 -40.0   9.0 35.30743 -120.77054  3.47
-40.0 -40.0   9.0 35.45222 -120.55915  3.33
-25.0 -40.0   9.0 35.53910 -120.43214  3.86
-15.0 -40.0   9.0 35.59702 -120.34738  4.03
 -8.0 -40.0   9.0 35.63756 -120.28802  3.71
 -3.0 -40.0   9.0 35.66652 -120.24560  3.61
 -1.0 -40.0   9.0 35.67811 -120.22863  3.21
  1.0 -40.0   9.0 35.68969 -120.21165  3.17
  5.0 -40.0   9.0 35.71286 -120.17770  3.51
 10.0 -40.0   9.0 35.74182 -120.13524  3.29
 17.0 -40.0   9.0 35.78236 -120.07577  2.95
 24.0 -40.0   9.0 35.82291 -120.01627  3.17
 27.0 -40.0   9.0 35.84028 -119.99076  3.08
 30.0 -40.0   9.0 35.85766 -119.96524  3.01
 33.0 -40.0   9.0 35.87503 -119.93972  2.88
 38.0 -40.0   9.0 35.90399 -119.89717  3.39
 45.0 -40.0   9.0 35.94453 -119.83758  3.42
 65.0 -40.0   9.0 36.06037 -119.66715  3.69
-65.0 -30.0   9.0 35.37645 -120.84165  3.40
-40.0 -30.0   9.0 35.52125 -120.63023  3.44
-25.0 -30.0   9.0 35.60813 -120.50320  3.87
-15.0 -30.0   9.0 35.66605 -120.41844  3.90
 -8.0 -30.0   9.0 35.70659 -120.35907  3.50
 -3.0 -30.0   9.0 35.73555 -120.31664  3.77
 -1.0 -30.0   9.0 35.74713 -120.29967  3.32
  1.0 -30.0   9.0 35.75872 -120.28269  3.06
  5.0 -30.0   9.0 35.78188 -120.24873  3.60
 10.0 -30.0   9.0 35.81084 -120.20627  3.26
 17.0 -30.0   9.0 35.85139 -120.14679  2.96
 24.0 -30.0   9.0 35.89193 -120.08728  3.48
 27.0 -30.0   9.0 35.90931 -120.06177  3.42
 30.0 -30.0   9.0 35.92668 -120.03625  3.09
 33.0 -30.0   9.0 35.94406 -120.01072  3.07
 38.0 -30.0   9.0 35.97302 -119.96817  3.34
 45.0 -30.0   9.0 36.01356 -119.90857  3.41
 65.0 -30.0   9.0 36.12940 -119.73812  3.73
-65.0 -21.0   9.0 35.43857 -120.90570  3.71
-40.0 -21.0   9.0 35.58337 -120.69426  3.37
-25.0 -21.0   9.0 35.67025 -120.56722  3.77
-15.0 -21.0   9.0 35.72817 -120.48244  3.73
 -8.0 -21.0   9.0 35.76871 -120.42307  3.45
 -3.0 -21.0   9.0 35.79767 -120.38064  3.65
 -1.0 -21.0   9.0 35.80926 -120.36366  3.56
  1.0 -21.0   9.0 35.82084 -120.34668  3.29
  5.0 -21.0   9.0 35.84401 -120.31271  3.71
 10.0 -21.0   9.0 35.87297 -120.27024  3.33
 17.0 -21.0   9.0 35.91351 -120.21076  2.84
 24.0 -21.0   9.0 35.95405 -120.15124  3.05
 27.0 -21.0   9.0 35.97143 -120.12573  3.25
 30.0 -21.0   9.0 35.98880 -120.10021  3.17
 33.0 -21.0   9.0 36.00618 -120.07468  3.19
 38.0 -21.0   9.0 36.03514 -120.03212  3.18
 45.0 -21.0   9.0 36.07568 -119.97251  3.40
 65.0 -21.0   9.0 36.19152 -119.80204  4.30
-65.0 -15.0   9.0 35.47999 -120.94842  3.89
-40.0 -15.0   9.0 35.62479 -120.73697  3.49
-25.0 -15.0   9.0 35.71167 -120.60992  3.76
-15.0 -15.0   9.0 35.76958 -120.52514  3.91
 -8.0 -15.0   9.0 35.81013 -120.46576  3.60
 -3.0 -15.0   9.0 35.83909 -120.42332  3.84
 -1.0 -15.0   9.0 35.85067 -120.40635  3.62
  1.0 -15.0   9.0 35.86225 -120.38937  3.62
  5.0 -15.0   9.0 35.88542 -120.35540  3.60
 10.0 -15.0   9.0 35.91438 -120.31292  3.07
 17.0 -15.0   9.0 35.95492 -120.25343  2.80
 24.0 -15.0   9.0 35.99547 -120.19391  3.00
 27.0 -15.0   9.0 36.01284 -120.16840  3.19
 30.0 -15.0   9.0 36.03022 -120.14287  3.23
 33.0 -15.0   9.0 36.04759 -120.11734  3.13
 38.0 -15.0   9.0 36.07655 -120.07478  2.94
 45.0 -15.0   9.0 36.11710 -120.01517  2.82
 65.0 -15.0   9.0 36.23294 -119.84468  4.23
-65.0  -9.0   9.0 35.52140 -120.99118  3.34
-40.0  -9.0   9.0 35.66620 -120.77971  3.53
-25.0  -9.0   9.0 35.75308 -120.65264  3.85
-15.0  -9.0   9.0 35.81100 -120.56786  3.98
 -8.0  -9.0   9.0 35.85154 -120.50847  3.44
 -3.0  -9.0   9.0 35.88050 -120.46604  3.76
 -1.0  -9.0   9.0 35.89209 -120.44906  3.61
  1.0  -9.0   9.0 35.90367 -120.43207  4.28
  5.0  -9.0   9.0 35.92684 -120.39810  3.18
 10.0  -9.0   9.0 35.95580 -120.35563  2.79
 17.0  -9.0   9.0 35.99634 -120.29613  2.84
 24.0  -9.0   9.0 36.03688 -120.23661  3.06
 27.0  -9.0   9.0 36.05426 -120.21109  3.16
 30.0  -9.0   9.0 36.07163 -120.18556  3.13
 33.0  -9.0   9.0 36.08901 -120.16003  3.08
 38.0  -9.0   9.0 36.11797 -120.11747  2.91
 45.0  -9.0   9.0 36.15851 -120.05785  2.68
 65.0  -9.0   9.0 36.27435 -119.88735  3.74
-65.0  -3.0   9.0 35.56282 -121.03395  3.05
-40.0  -3.0   9.0 35.70762 -120.82246  3.50
-25.0  -3.0   9.0 35.79450 -120.69539  3.85
-15.0  -3.0   9.0 35.85241 -120.61060  3.93
 -8.0  -3.0   9.0 35.89296 -120.55121  3.70
 -3.0  -3.0   9.0 35.92192 -120.50877  3.76
 -1.0  -3.0   9.0 35.93350 -120.49179  3.68
  1.0  -3.0   9.0 35.94508 -120.47480  3.56
  5.0  -3.0   9.0 35.96825 -120.44083  3.00
 10.0  -3.0   9.0 35.99721 -120.39835  2.82
 17.0  -3.0   9.0 36.03775 -120.33885  2.86
 24.0  -3.0   9.0 36.07830 -120.27932  3.21
 27.0  -3.0   9.0 36.09567 -120.25380  3.11
 30.0  -3.0   9.0 36.11305 -120.22827  3.20
 33.0  -3.0   9.0 36.13042 -120.20274  3.16
 38.0  -3.0   9.0 36.15938 -120.16017  2.86
 45.0  -3.0   9.0 36.19993 -120.10055  2.80
 65.0  -3.0   9.0 36.31577 -119.93004  3.67
-65.0   3.0   9.0 35.60423 -121.07674  3.24
-40.0   3.0   9.0 35.74903 -120.86524  3.42
-25.0   3.0   9.0 35.83591 -120.73816  3.80
-15.0   3.0   9.0 35.89383 -120.65336  3.94
 -8.0   3.0   9.0 35.93437 -120.59397  3.73
 -3.0   3.0   9.0 35.96333 -120.55152  3.54
 -1.0   3.0   9.0 35.97492 -120.53454  3.61
  1.0   3.0   9.0 35.98650 -120.51756  3.41
  5.0   3.0   9.0 36.00967 -120.48358  2.94
 10.0   3.0   9.0 36.03863 -120.44110  2.60
 17.0   3.0   9.0 36.07917 -120.38159  2.99
 24.0   3.0   9.0 36.11971 -120.32206  3.43
 27.0   3.0   9.0 36.13709 -120.29654  3.16
 30.0   3.0   9.0 36.15446 -120.27101  3.07
 33.0   3.0   9.0 36.17184 -120.24547  3.05
 38.0   3.0   9.0 36.20080 -120.20290  3.11
 45.0   3.0   9.0 36.24134 -120.14327  3.15
 65.0   3.0   9.0 36.35718 -119.97275  3.56
-65.0   9.0   9.0 35.64565 -121.11956  3.46
-40.0   9.0   9.0 35.79045 -120.90804  3.55
-25.0   9.0   9.0 35.87733 -120.78095  3.71
-15.0   9.0   9.0 35.93524 -120.69615  3.70
 -8.0   9.0   9.0 35.97579 -120.63675  3.52
 -3.0   9.0   9.0 36.00475 -120.59430  3.49
 -1.0   9.0   9.0 36.01633 -120.57732  3.59
  1.0   9.0   9.0 36.02791 -120.56033  3.07
  5.0   9.0   9.0 36.05108 -120.52635  2.88
 10.0   9.0   9.0 36.08004 -120.48387  2.82
 17.0   9.0   9.0 36.12058 -120.42436  2.98
 24.0   9.0   9.0 36.16113 -120.36482  3.36
 27.0   9.0   9.0 36.17850 -120.33929  3.18
 30.0   9.0   9.0 36.19588 -120.31376  3.13
 33.0   9.0   9.0 36.21325 -120.28822  3.29
 38.0   9.0   9.0 36.24221 -120.24565  3.01
 45.0   9.0   9.0 36.28276 -120.18602  3.00
 65.0   9.0   9.0 36.39860 -120.01548  3.43
-65.0  15.0   9.0 35.68706 -121.16240  3.63
-40.0  15.0   9.0 35.83186 -120.95087  3.59
-25.0  15.0   9.0 35.91874 -120.82377  3.61
-15.0  15.0   9.0 35.97666 -120.73895  3.59
 -8.0  15.0   9.0 36.01720 -120.67955  3.37
 -3.0  15.0   9.0 36.04616 -120.63710  3.44
 -1.0  15.0   9.0 36.05775 -120.62012  3.38
  1.0  15.0   9.0 36.06933 -120.60313  3.06
  5.0  15.0   9.0 36.09250 -120.56915  3.28
 10.0  15.0   9.0 36.12146 -120.52666  2.89
 17.0  15.0   9.0 36.16200 -120.46714  2.98
 24.0  15.0   9.0 36.20254 -120.40760  3.41
 27.0  15.0   9.0 36.21992 -120.38207  3.22
 30.0  15.0   9.0 36.23729 -120.35654  3.34
 33.0  15.0   9.0 36.25467 -120.33100  3.16
 38.0  15.0   9.0 36.28363 -120.28842  2.73
 45.0  15.0   9.0 36.32417 -120.22879  2.90
 65.0  15.0   9.0 36.44001 -120.05823  3.52
-65.0  21.0   9.0 35.72848 -121.20526  3.53
-40.0  21.0   9.0 35.87328 -120.99371  3.57
-25.0  21.0   9.0 35.96016 -120.86660  3.59
-15.0  21.0   9.0 36.01807 -120.78178  3.55
 -8.0  21.0   9.0 36.05862 -120.72238  3.50
 -3.0  21.0   9.0 36.08758 -120.67992  3.56
 -1.0  21.0   9.0 36.09916 -120.66294  3.29
  1.0  21.0   9.0 36.11074 -120.64595  3.23
  5.0  21.0   9.0 36.13391 -120.61196  3.52
 10.0  21.0   9.0 36.16287 -120.56947  3.17
 17.0  21.0   9.0 36.20341 -120.50995  3.01
 24.0  21.0   9.0 36.24396 -120.45040  3.42
 27.0  21.0   9.0 36.26133 -120.42487  3.22
 30.0  21.0   9.0 36.27871 -120.39934  2.91
 33.0  21.0   9.0 36.29608 -120.37380  2.85
 38.0  21.0   9.0 36.32504 -120.33122  2.92
 45.0  21.0   9.0 36.36559 -120.27158  2.62
 65.0  21.0   9.0 36.48143 -120.10101  3.39
-65.0  30.0   9.0 35.79060 -121.26959  4.24
-40.0  30.0   9.0 35.93540 -121.05802  3.62
-25.0  30.0   9.0 36.02228 -120.93090  3.90
-15.0  30.0   9.0 36.08020 -120.84607  3.68
 -8.0  30.0   9.0 36.12074 -120.78665  3.54
 -3.0  30.0   9.0 36.14970 -120.74420  3.80
 -1.0  30.0   9.0 36.16128 -120.72721  3.45
  1.0  30.0   9.0 36.17287 -120.71022  3.31
  5.0  30.0   9.0 36.19603 -120.67623  3.46
 10.0  30.0   9.0 36.22499 -120.63373  3.19
 17.0  30.0   9.0 36.26554 -120.57421  3.20
 24.0  30.0   9.0 36.30608 -120.51465  3.22
 27.0  30.0   9.0 36.32346 -120.48912  3.03
 30.0  30.0   9.0 36.34083 -120.46358  3.04
 33.0  30.0   9.0 36.35821 -120.43804  2.88
 38.0  30.0   9.0 36.38717 -120.39545  2.84
 45.0  30.0   9.0 36.42771 -120.33580  2.89
 65.0  30.0   9.0 36.54355 -120.16522  3.39
-65.0  40.0   9.0 35.85963 -121.34113  4.38
-40.0  40.0   9.0 36.00442 -121.12954  3.59
-25.0  40.0   9.0 36.09130 -121.00240  3.75
-15.0  40.0   9.0 36.14922 -120.91756  3.67
 -8.0  40.0   9.0 36.18977 -120.85814  3.72
 -3.0  40.0   9.0 36.21872 -120.81567  3.75
 -1.0  40.0   9.0 36.23031 -120.79868  3.33
  1.0  40.0   9.0 36.24189 -120.78169  3.60
  5.0  40.0   9.0 36.26506 -120.74770  3.38
 10.0  40.0   9.0 36.29402 -120.70519  3.44
 17.0  40.0   9.0 36.33456 -120.64566  3.52
 24.0  40.0   9.0 36.37511 -120.58610  3.33
 27.0  40.0   9.0 36.39248 -120.56056  3.25
 30.0  40.0   9.0 36.40986 -120.53502  3.22
 33.0  40.0   9.0 36.42723 -120.50947  3.13
 38.0  40.0   9.0 36.45619 -120.46688  3.12
 45.0  40.0   9.0 36.49674 -120.40723  3.06
 65.0  40.0   9.0 36.61257 -120.23662  3.40
-65.0  50.0   9.0 35.92865 -121.41274  4.40
-40.0  50.0   9.0 36.07345 -121.20112  3.53
-25.0  50.0   9.0 36.16033 -121.07396  3.77
-15.0  50.0   9.0 36.21825 -120.98911  3.68
 -8.0  50.0   9.0 36.25879 -120.92968  3.86
 -3.0  50.0   9.0 36.28775 -120.88721  3.73
 -1.0  50.0   9.0 36.29933 -120.87022  3.15
  1.0  50.0   9.0 36.31092 -120.85322  3.88
  5.0  50.0   9.0 36.33408 -120.81923  3.41
 10.0  50.0   9.0 36.36304 -120.77672  3.57
 17.0  50.0   9.0 36.40359 -120.71718  3.73
 24.0  50.0   9.0 36.44413 -120.65761  3.43
 27.0  50.0   9.0 36.46151 -120.63207  3.43
 30.0  50.0   9.0 36.47888 -120.60652  3.40
 33.0  50.0   9.0 36.49626 -120.58097  3.37
 38.0  50.0   9.0 36.52522 -120.53838  3.34
 45.0  50.0   9.0 36.56576 -120.47871  3.34
 65.0  50.0   9.0 36.68160 -120.30808  3.41
-65.0 -70.0  12.0 35.10035 -120.55757  3.65
-40.0 -70.0  12.0 35.24515 -120.34627  3.38
-25.0 -70.0  12.0 35.33203 -120.21930  3.65
-15.0 -70.0  12.0 35.38995 -120.13458  3.82
 -8.0 -70.0  12.0 35.43049 -120.07524  3.64
 -3.0 -70.0  12.0 35.45945 -120.03284  3.55
 -1.0 -70.0  12.0 35.47103 -120.01587  3.43
  1.0 -70.0  12.0 35.48262 -119.99890  3.39
  5.0 -70.0  12.0 35.50578 -119.96496  3.43
 10.0 -70.0  12.0 35.53474 -119.92252  3.36
 17.0 -70.0  12.0 35.57529 -119.86307  3.36
 24.0 -70.0  12.0 35.61583 -119.80359  3.59
 27.0 -70.0  12.0 35.63321 -119.77809  3.58
 30.0 -70.0  12.0 35.65058 -119.75259  3.57
 33.0 -70.0  12.0 35.66796 -119.72708  3.58
 38.0 -70.0  12.0 35.69692 -119.68455  4.25
 45.0 -70.0  12.0 35.73746 -119.62498  4.28
 65.0 -70.0  12.0 35.85330 -119.45462  3.68
-65.0 -50.0  12.0 35.23840 -120.69949  3.40
-40.0 -50.0  12.0 35.38320 -120.48813  3.38
-25.0 -50.0  12.0 35.47008 -120.36113  3.66
-15.0 -50.0  12.0 35.52800 -120.27639  3.85
 -8.0 -50.0  12.0 35.56854 -120.21703  3.53
 -3.0 -50.0  12.0 35.59750 -120.17462  3.63
 -1.0 -50.0  12.0 35.60908 -120.15765  3.47
  1.0 -50.0  12.0 35.62067 -120.14068  3.36
  5.0 -50.0  12.0 35.64383 -120.10672  3.50
 10.0 -50.0  12.0 35.67279 -120.06427  3.36
 17.0 -50.0  12.0 35.71334 -120.00481  3.12
 24.0 -50.0  12.0 35.75388 -119.94531  3.22
 27.0 -50.0  12.0 35.77126 -119.91981  3.16
 30.0 -50.0  12.0 35.78863 -119.89429  3.16
 33.0 -50.0  12.0 35.80601 -119.86878  3.11
 38.0 -50.0  12.0 35.83497 -119.82624  3.93
 45.0 -50.0  12.0 35.87551 -119.76665  3.59
 65.0 -50.0  12.0 35.99135 -119.59625  3.68
-65.0 -40.0  12.0 35.30743 -120.77054  3.35
-40.0 -40.0  12.0 35.45222 -120.55915  3.44
-25.0 -40.0  12.0 35.53910 -120.43214  3.66
-15.0 -40.0  12.0 35.59702 -120.34738  3.85
 -8.0 -40.0  12.0 35.63756 -120.28802  3.57
 -3.0 -40.0  12.0 35.66652 -120.24560  3.64
 -1.0 -40.0  12.0 35.67811 -120.22863  3.45
  1.0 -40.0  12.0 35.68969 -120.21165  3.39
  5.0 -40.0  12.0 35.71286 -120.17770  3.62
 10.0 -40.0  12.0 35.74182 -120.13524  3.42
 17.0 -40.0  12.0 35.78236 -120.07577  3.23
 24.0 -40.0  12.0 35.82291 -120.01627  3.31
 27.0 -40.0  12.0 35.84028 -119.99076  3.37
 30.0 -40.0  12.0 35.85766 -119.96524  3.38
 33.0 -40.0  12.0 35.87503 -119.93972  3.50
 38.0 -40.0  12.0 35.90399 -119.89717  3.77
 45.0 -40.0  12.0 35.94453 -119.83758  3.59
 65.0 -40.0  12.0 36.06037 -119.66715  3.71
-65.0 -30.0  12.0 35.37645 -120.84165  3.36
-40.0 -30.0  12.0 35.52125 -120.63023  3.54
-25.0 -30.0  12.0 35.60813 -120.50320  3.85
-15.0 -30.0  12.0 35.66605 -120.41844  3.88
 -8.0 -30.0  12.0 35.70659 -120.35907  3.56
 -3.0 -30.0  12.0 35.73555 -120.31664  3.54
 -1.0 -30.0  12.0 35.74713 -120.29967  3.43
  1.0 -30.0  12.0 35.75872 -120.28269  3.33
  5.0 -30.0  12.0 35.78188 -120.24873  3.77
 10.0 -30.0  12.0 35.81084 -120.20627  3.40
 17.0 -30.0  12.0 35.85139 -120.14679  3.37
 24.0 -30.0  12.0 35.89193 -120.08728  3.39
 27.0 -30.0  12.0 35.90931 -120.06177  3.56
 30.0 -30.0  12.0 35.92668 -120.03625  3.61
 33.0 -30.0  12.0 35.94406 -120.01072  3.57
 38.0 -30.0  12.0 35.97302 -119.96817  3.56
 45.0 -30.0  12.0 36.01356 -119.90857  3.58
 65.0 -30.0  12.0 36.12940 -119.73812  3.73
-65.0 -21.0  12.0 35.43857 -120.90570  3.48
-40.0 -21.0  12.0 35.58337 -120.69426  3.45
-25.0 -21.0  12.0 35.67025 -120.56722  3.82
-15.0 -21.0  12.0 35.72817 -120.48244  3.77
 -8.0 -21.0  12.0 35.76871 -120.42307  3.49
 -3.0 -21.0  12.0 35.79767 -120.38064  3.21
 -1.0 -21.0  12.0 35.80926 -120.36366  3.48
  1.0 -21.0  12.0 35.82084 -120.34668  3.39
  5.0 -21.0  12.0 35.84401 -120.31271  3.51
 10.0 -21.0  12.0 35.87297 -120.27024  3.35
 17.0 -21.0  12.0 35.91351 -120.21076  3.14
 24.0 -21.0  12.0 35.95405 -120.15124  3.11
 27.0 -21.0  12.0 35.97143 -120.12573  3.48
 30.0 -21.0  12.0 35.98880 -120.10021  3.34
 33.0 -21.0  12.0 36.00618 -120.07468  3.41
 38.0 -21.0  12.0 36.03514 -120.03212  3.20
 45.0 -21.0  12.0 36.07568 -119.97251  3.56
 65.0 -21.0  12.0 36.19152 -119.80204  3.92
-65.0 -15.0  12.0 35.47999 -120.94842  3.51
-40.0 -15.0  12.0 35.62479 -120.73697  3.54
-25.0 -15.0  12.0 35.71167 -120.60992  3.95
-15.0 -15.0  12.0 35.76958 -120.52514  3.84
 -8.0 -15.0  12.0 35.81013 -120.46576  3.57
 -3.0 -15.0  12.0 35.83909 -120.42332  3.75
 -1.0 -15.0  12.0 35.85067 -120.40635  3.81
  1.0 -15.0  12.0 35.86225 -120.38937  3.83
  5.0 -15.0  12.0 35.88542 -120.35540  3.42
 10.0 -15.0  12.0 35.91438 -120.31292  3.18
 17.0 -15.0  12.0 35.95492 -120.25343  2.99
 24.0 -15.0  12.0 35.99547 -120.19391  3.18
 27.0 -15.0  12.0 36.01284 -120.16840  3.23
 30.0 -15.0  12.0 36.03022 -120.14287  3.23
 33.0 -15.0  12.0 36.04759 -120.11734  3.28
 38.0 -15.0  12.0 36.07655 -120.07478  3.26
 45.0 -15.0  12.0 36.11710 -120.01517  3.17
 65.0 -15.0  12.0 36.23294 -119.84468  3.83
-65.0  -9.0  12.0 35.52140 -120.99118  3.30
-40.0  -9.0  12.0 35.66620 -120.77971  3.38
-25.0  -9.0  12.0 35.75308 -120.65264  3.64
-15.0  -9.0  12.0 35.81100 -120.56786  3.74
 -8.0  -9.0  12.0 35.85154 -120.50847  3.46
 -3.0  -9.0  12.0 35.88050 -120.46604  3.53
 -1.0  -9.0  12.0 35.89209 -120.44906  3.80
  1.0  -9.0  12.0 35.90367 -120.43207  4.08
  5.0  -9.0  12.0 35.92684 -120.39810  3.22
 10.0  -9.0  12.0 35.95580 -120.35563  3.04
 17.0  -9.0  12.0 35.99634 -120.29613  2.98
 24.0  -9.0  12.0 36.03688 -120.23661  3.15
 27.0  -9.0  12.0 36.05426 -120.21109  3.25
 30.0  -9.0  12.0 36.07163 -120.18556  3.25
 33.0  -9.0  12.0 36.08901 -120.16003  3.31
 38.0  -9.0  12.0 36.11797 -120.11747  3.35
 45.0  -9.0  12.0 36.15851 -120.05785  3.45
 65.0  -9.0  12.0 36.27435 -119.88735  3.82
-65.0  -3.0  12.0 35.56282 -121.03395  3.27
-40.0  -3.0  12.0 35.70762 -120.82246  3.41
-25.0  -3.0  12.0 35.79450 -120.69539  3.77
-15.0  -3.0  12.0 35.85241 -120.61060  3.81
 -8.0  -3.0  12.0 35.89296 -120.55121  3.72
 -3.0  -3.0  12.0 35.92192 -120.50877  3.70
 -1.0  -3.0  12.0 35.93350 -120.49179  3.62
  1.0  -3.0  12.0 35.94508 -120.47480  3.45
  5.0  -3.0  12.0 35.96825 -120.44083  2.86
 10.0  -3.0  12.0 35.99721 -120.39835  2.82
 17.0  -3.0  12.0 36.03775 -120.33885  3.01
 24.0  -3.0  12.0 36.07830 -120.27932  3.34
 27.0  -3.0  12.0 36.09567 -120.25380  3.38
 30.0  -3.0  12.0 36.11305 -120.22827  3.33
 33.0  -3.0  12.0 36.13042 -120.20274  3.27
 38.0  -3.0  12.0 36.15938 -120.16017  3.24
 45.0  -3.0  12.0 36.19993 -120.10055  4.03
 65.0  -3.0  12.0 36.31577 -119.93004  3.73
-65.0   3.0  12.0 35.60423 -121.07674  3.48
-40.0   3.0  12.0 35.74903 -120.86524  3.72
-25.0   3.0  12.0 35.83591 -120.73816  3.74
-15.0   3.0  12.0 35.89383 -120.65336  3.72
 -8.0   3.0  12.0 35.93437 -120.59397  3.76
 -3.0   3.0  12.0 35.96333 -120.55152  3.69
 -1.0   3.0  12.0 35.97492 -120.53454  3.45
  1.0   3.0  12.0 35.98650 -120.51756  3.07
  5.0   3.0  12.0 36.00967 -120.48358  2.66
 10.0   3.0  12.0 36.03863 -120.44110  2.77
 17.0   3.0  12.0 36.07917 -120.38159  3.06
 24.0   3.0  12.0 36.11971 -120.32206  3.50
 27.0   3.0  12.0 36.13709 -120.29654  3.33
 30.0   3.0  12.0 36.15446 -120.27101  3.35
 33.0   3.0  12.0 36.17184 -120.24547  3.25
 38.0   3.0  12.0 36.20080 -120.20290  3.43
 45.0   3.0  12.0 36.24134 -120.14327  3.84
 65.0   3.0  12.0 36.35718 -119.97275  3.67
-65.0   9.0  12.0 35.64565 -121.11956  3.61
-40.0   9.0  12.0 35.79045 -120.90804  3.79
-25.0   9.0  12.0 35.87733 -120.78095  3.58
-15.0   9.0  12.0 35.93524 -120.69615  3.64
 -8.0   9.0  12.0 35.97579 -120.63675  3.56
 -3.0   9.0  12.0 36.00475 -120.59430  3.60
 -1.0   9.0  12.0 36.01633 -120.57732  3.57
  1.0   9.0  12.0 36.02791 -120.56033  2.97
  5.0   9.0  12.0 36.05108 -120.52635  2.75
 10.0   9.0  12.0 36.08004 -120.48387  2.88
 17.0   9.0  12.0 36.12058 -120.42436  3.14
 24.0   9.0  12.0 36.16113 -120.36482  3.40
 27.0   9.0  12.0 36.17850 -120.33929  3.41
 30.0   9.0  12.0 36.19588 -120.31376  3.40
 33.0   9.0  12.0 36.21325 -120.28822  3.30
 38.0   9.0  12.0 36.24221 -120.24565  3.20
 45.0   9.0  12.0 36.28276 -120.18602  3.24
 65.0   9.0  12.0 36.39860 -120.01548  3.62
-65.0  15.0  12.0 35.68706 -121.16240  3.53
-40.0  15.0  12.0 35.83186 -120.95087  3.53
-25.0  15.0  12.0 35.91874 -120.82377  3.55
-15.0  15.0  12.0 35.97666 -120.73895  3.58
 -8.0  15.0  12.0 36.01720 -120.67955  3.50
 -3.0  15.0  12.0 36.04616 -120.63710  3.46
 -1.0  15.0  12.0 36.05775 -120.62012  3.53
  1.0  15.0  12.0 36.06933 -120.60313  3.09
  5.0  15.0  12.0 36.09250 -120.56915  2.94
 10.0  15.0  12.0 36.12146 -120.52666  3.24
 17.0  15.0  12.0 36.16200 -120.46714  3.25
 24.0  15.0  12.0 36.20254 -120.40760  3.39
 27.0  15.0  12.0 36.21992 -120.38207  3.48
 30.0  15.0  12.0 36.23729 -120.35654  3.25
 33.0  15.0  12.0 36.25467 -120.33100  3.23
 38.0  15.0  12.0 36.28363 -120.28842  3.17
 45.0  15.0  12.0 36.32417 -120.22879  3.33
 65.0  15.0  12.0 36.44001 -120.05823  3.60
-65.0  21.0  12.0 35.72848 -121.20526  3.71
-40.0  21.0  12.0 35.87328 -120.99371  3.55
-25.0  21.0  12.0 35.96016 -120.86660  3.61
-15.0  21.0  12.0 36.01807 -120.78178  3.57
 -8.0  21.0  12.0 36.05862 -120.72238  3.51
 -3.0  21.0  12.0 36.08758 -120.67992  3.56
 -1.0  21.0  12.0 36.09916 -120.66294  3.76
  1.0  21.0  12.0 36.11074 -120.64595  3.34
  5.0  21.0  12.0 36.13391 -120.61196  3.21
 10.0  21.0  12.0 36.16287 -120.56947  3.41
 17.0  21.0  12.0 36.20341 -120.50995  3.03
 24.0  21.0  12.0 36.24396 -120.45040  3.32
 27.0  21.0  12.0 36.26133 -120.42487  3.38
 30.0  21.0  12.0 36.27871 -120.39934  3.17
 33.0  21.0  12.0 36.29608 -120.37380  3.03
 38.0  21.0  12.0 36.32504 -120.33122  3.15
 45.0  21.0  12.0 36.36559 -120.27158  2.87
 65.0  21.0  12.0 36.48143 -120.10101  3.59
-65.0  30.0  12.0 35.79060 -121.26959  4.23
-40.0  30.0  12.0 35.93540 -121.05802  3.71
-25.0  30.0  12.0 36.02228 -120.93090  3.74
-15.0  30.0  12.0 36.08020 -120.84607  3.60
 -8.0  30.0  12.0 36.12074 -120.78665  3.47
 -3.0  30.0  12.0 36.14970 -120.74420  3.55
 -1.0  30.0  12.0 36.16128 -120.72721  3.51
  1.0  30.0  12.0 36.17287 -120.71022  3.44
  5.0  30.0  12.0 36.19603 -120.67623  3.24
 10.0  30.0  12.0 36.22499 -120.63373  3.24
 17.0  30.0  12.0 36.26554 -120.57421  3.26
 24.0  30.0  12.0 36.30608 -120.51465  3.40
 27.0  30.0  12.0 36.32346 -120.48912  3.26
 30.0  30.0  12.0 36.34083 -120.46358  3.20
 33.0  30.0  12.0 36.35821 -120.43804  3.21
 38.0  30.0  12.0 36.38717 -120.39545  3.35
 45.0  30.0  12.0 36.42771 -120.33580  3.32
 65.0  30.0  12.0 36.54355 -120.16522  3.59
-65.0  40.0  12.0 35.85963 -121.34113  4.18
-40.0  40.0  12.0 36.00442 -121.12954  3.71
-25.0  40.0  12.0 36.09130 -121.00240  3.63
-15.0  40.0  12.0 36.14922 -120.91756  3.46
 -8.0  40.0  12.0 36.18977 -120.85814  3.39
 -3.0  40.0  12.0 36.21872 -120.81567  3.61
 -1.0  40.0  12.0 36.23031 -120.79868  3.49
  1.0  40.0  12.0 36.24189 -120.78169  3.46
  5.0  40.0  12.0 36.26506 -120.74770  3.45
 10.0  40.0  12.0 36.29402 -120.70519  3.40
 17.0  40.0  12.0 36.33456 -120.64566  3.73
 24.0  40.0  12.0 36.37511 -120.58610  3.54
 27.0  40.0  12.0 36.39248 -120.56056  3.53
 30.0  40.0  12.0 36.40986 -120.53502  3.49
 33.0  40.0  12.0 36.42723 -120.50947  3.27
 38.0  40.0  12.0 36.45619 -120.46688  3.38
 45.0  40.0  12.0 36.49674 -120.40723  3.57
 65.0  40.0  12.0 36.61257 -120.23662  3.59
-65.0  50.0  12.0 35.92865 -121.41274  4.12
-40.0  50.0  12.0 36.07345 -121.20112  3.54
-25.0  50.0  12.0 36.16033 -121.07396  3.41
-15.0  50.0  12.0 36.21825 -120.98911  3.33
 -8.0  50.0  12.0 36.25879 -120.92968  3.37
 -3.0  50.0  12.0 36.28775 -120.88721  3.61
 -1.0  50.0  12.0 36.29933 -120.87022  3.40
  1.0  50.0  12.0 36.31092 -120.85322  3.46
  5.0  50.0  12.0 36.33408 -120.81923  3.62
 10.0  50.0  12.0 36.36304 -120.77672  3.43
 17.0  50.0  12.0 36.40359 -120.71718  4.02
 24.0  50.0  12.0 36.44413 -120.65761  3.48
 27.0  50.0  12.0 36.46151 -120.63207  3.64
 30.0  50.0  12.0 36.47888 -120.60652  3.62
 33.0  50.0  12.0 36.49626 -120.58097  3.60
 38.0  50.0  12.0 36.52522 -120.53838  3.59
 45.0  50.0  12.0 36.56576 -120.47871  3.58
 65.0  50.0  12.0 36.68160 -120.30808  3.59
-65.0 -70.0  16.0 35.10035 -120.55757  3.85
-40.0 -70.0  16.0 35.24515 -120.34627  3.75
-25.0 -70.0  16.0 35.33203 -120.21930  3.81
-15.0 -70.0  16.0 35.38995 -120.13458  3.84
 -8.0 -70.0  16.0 35.43049 -120.07524  3.87
 -3.0 -70.0  16.0 35.45945 -120.03284  3.83
 -1.0 -70.0  16.0 35.47103 -120.01587  3.71
  1.0 -70.0  16.0 35.48262 -119.99890  3.77
  5.0 -70.0  16.0 35.50578 -119.96496  3.77
 10.0 -70.0  16.0 35.53474 -119.92252  3.74
 17.0 -70.0  16.0 35.57529 -119.86307  3.74
 24.0 -70.0  16.0 35.61583 -119.80359  3.80
 27.0 -70.0  16.0 35.63321 -119.77809  3.80
 30.0 -70.0  16.0 35.65058 -119.75259  3.80
 33.0 -70.0  16.0 35.66796 -119.72708  3.80
 38.0 -70.0  16.0 35.69692 -119.68455  4.38
 45.0 -70.0  16.0 35.73746 -119.62498  3.80
 65.0 -70.0  16.0 35.85330 -119.45462  3.80
-65.0 -50.0  16.0 35.23840 -120.69949  3.90
-40.0 -50.0  16.0 35.38320 -120.48813  4.03
-25.0 -50.0  16.0 35.47008 -120.36113  3.97
-15.0 -50.0  16.0 35.52800 -120.27639  3.87
 -8.0 -50.0  16.0 35.56854 -120.21703  3.92
 -3.0 -50.0  16.0 35.59750 -120.17462  3.83
 -1.0 -50.0  16.0 35.60908 -120.15765  3.69
  1.0 -50.0  16.0 35.62067 -120.14068  3.68
  5.0 -50.0  16.0 35.64383 -120.10672  3.74
 10.0 -50.0  16.0 35.67279 -120.06427  3.80
 17.0 -50.0  16.0 35.71334 -120.00481  3.44
 24.0 -50.0  16.0 35.75388 -119.94531  3.37
 27.0 -50.0  16.0 35.77126 -119.91981  3.81
 30.0 -50.0  16.0 35.78863 -119.89429  4.21
 33.0 -50.0  16.0 35.80601 -119.86878  4.32
 38.0 -50.0  16.0 35.83497 -119.82624  3.93
 45.0 -50.0  16.0 35.87551 -119.76665  3.80
 65.0 -50.0  16.0 35.99135 -119.59625  3.80
-65.0 -40.0  16.0 35.30743 -120.77054  3.83
-40.0 -40.0  16.0 35.45222 -120.55915  3.91
-25.0 -40.0  16.0 35.53910 -120.43214  3.81
-15.0 -40.0  16.0 35.59702 -120.34738  3.73
 -8.0 -40.0  16.0 35.63756 -120.28802  3.74
 -3.0 -40.0  16.0 35.66652 -120.24560  3.69
 -1.0 -40.0  16.0 35.67811 -120.22863  3.67
  1.0 -40.0  16.0 35.68969 -120.21165  3.63
  5.0 -40.0  16.0 35.71286 -120.17770  3.67
 10.0 -40.0  16.0 35.74182 -120.13524  3.75
 17.0 -40.0  16.0 35.78236 -120.07577  3.53
 24.0 -40.0  16.0 35.82291 -120.01627  3.40
 27.0 -40.0  16.0 35.84028 -119.99076  3.92
 30.0 -40.0  16.0 35.85766 -119.96524  4.01
 33.0 -40.0  16.0 35.87503 -119.93972  4.07
 38.0 -40.0  16.0 35.90399 -119.89717  3.86
 45.0 -40.0  16.0 35.94453 -119.83758  3.80
 65.0 -40.0  16.0 36.06037 -119.66715  3.80
-65.0 -30.0  16.0 35.37645 -120.84165  3.74
-40.0 -30.0  16.0 35.52125 -120.63023  3.66
-25.0 -30.0  16.0 35.60813 -120.50320  3.59
-15.0 -30.0  16.0 35.66605 -120.41844  3.66
 -8.0 -30.0  16.0 35.70659 -120.35907  3.51
 -3.0 -30.0  16.0 35.73555 -120.31664  3.36
 -1.0 -30.0  16.0 35.74713 -120.29967  3.47
  1.0 -30.0  16.0 35.75872 -120.28269  3.41
  5.0 -30.0  16.0 35.78188 -120.24873  3.56
 10.0 -30.0  16.0 35.81084 -120.20627  3.67
 17.0 -30.0  16.0 35.85139 -120.14679  3.66
 24.0 -30.0  16.0 35.89193 -120.08728  3.53
 27.0 -30.0  16.0 35.90931 -120.06177  3.92
 30.0 -30.0  16.0 35.92668 -120.03625  3.83
 33.0 -30.0  16.0 35.94406 -120.01072  3.81
 38.0 -30.0  16.0 35.97302 -119.96817  3.80
 45.0 -30.0  16.0 36.01356 -119.90857  3.80
 65.0 -30.0  16.0 36.12940 -119.73812  3.80
-65.0 -21.0  16.0 35.43857 -120.90570  3.68
-40.0 -21.0  16.0 35.58337 -120.69426  3.55
-25.0 -21.0  16.0 35.67025 -120.56722  3.61
-15.0 -21.0  16.0 35.72817 -120.48244  3.66
 -8.0 -21.0  16.0 35.76871 -120.42307  3.66
 -3.0 -21.0  16.0 35.79767 -120.38064  3.52
 -1.0 -21.0  16.0 35.80926 -120.36366  3.41
  1.0 -21.0  16.0 35.82084 -120.34668  3.37
  5.0 -21.0  16.0 35.84401 -120.31271  3.43
 10.0 -21.0  16.0 35.87297 -120.27024  3.61
 17.0 -21.0  16.0 35.91351 -120.21076  3.67
 24.0 -21.0  16.0 35.95405 -120.15124  3.82
 27.0 -21.0  16.0 35.97143 -120.12573  3.83
 30.0 -21.0  16.0 35.98880 -120.10021  3.63
 33.0 -21.0  16.0 36.00618 -120.07468  3.81
 38.0 -21.0  16.0 36.03514 -120.03212  3.76
 45.0 -21.0  16.0 36.07568 -119.97251  3.79
 65.0 -21.0  16.0 36.19152 -119.80204  3.81
-65.0 -15.0  16.0 35.47999 -120.94842  3.84
-40.0 -15.0  16.0 35.62479 -120.73697  3.64
-25.0 -15.0  16.0 35.71167 -120.60992  3.76
-15.0 -15.0  16.0 35.76958 -120.52514  3.71
 -8.0 -15.0  16.0 35.81013 -120.46576  3.71
 -3.0 -15.0  16.0 35.83909 -120.42332  3.65
 -1.0 -15.0  16.0 35.85067 -120.40635  3.62
  1.0 -15.0  16.0 35.86225 -120.38937  3.66
  5.0 -15.0  16.0 35.88542 -120.35540  3.36
 10.0 -15.0  16.0 35.91438 -120.31292  3.60
 17.0 -15.0  16.0 35.95492 -120.25343  3.53
 24.0 -15.0  16.0 35.99547 -120.19391  3.76
 27.0 -15.0  16.0 36.01284 -120.16840  3.92
 30.0 -15.0  16.0 36.03022 -120.14287  3.64
 33.0 -15.0  16.0 36.04759 -120.11734  3.49
 38.0 -15.0  16.0 36.07655 -120.07478  3.58
 45.0 -15.0  16.0 36.11710 -120.01517  3.81
 65.0 -15.0  16.0 36.23294 -119.84468  3.81
-65.0  -9.0  16.0 35.52140 -120.99118  3.85
-40.0  -9.0  16.0 35.66620 -120.77971  3.59
-25.0  -9.0  16.0 35.75308 -120.65264  3.67
-15.0  -9.0  16.0 35.81100 -120.56786  3.73
 -8.0  -9.0  16.0 35.85154 -120.50847  3.43
 -3.0  -9.0  16.0 35.88050 -120.46604  3.53
 -1.0  -9.0  16.0 35.89209 -120.44906  3.76
  1.0  -9.0  16.0 35.90367 -120.43207  3.54
  5.0  -9.0  16.0 35.92684 -120.39810  3.28
 10.0  -9.0  16.0 35.95580 -120.35563  3.54
 17.0  -9.0  16.0 35.99634 -120.29613  3.59
 24.0  -9.0  16.0 36.03688 -120.23661  3.88
 27.0  -9.0  16.0 36.05426 -120.21109  3.84
 30.0  -9.0  16.0 36.07163 -120.18556  3.63
 33.0  -9.0  16.0 36.08901 -120.16003  3.68
 38.0  -9.0  16.0 36.11797 -120.11747  3.65
 45.0  -9.0  16.0 36.15851 -120.05785  3.96
 65.0  -9.0  16.0 36.27435 -119.88735  3.90
-65.0  -3.0  16.0 35.56282 -121.03395  3.66
-40.0  -3.0  16.0 35.70762 -120.82246  3.38
-25.0  -3.0  16.0 35.79450 -120.69539  3.55
-15.0  -3.0  16.0 35.85241 -120.61060  3.66
 -8.0  -3.0  16.0 35.89296 -120.55121  3.32
 -3.0  -3.0  16.0 35.92192 -120.50877  3.37
 -1.0  -3.0  16.0 35.93350 -120.49179  3.49
  1.0  -3.0  16.0 35.94508 -120.47480  3.31
  5.0  -3.0  16.0 35.96825 -120.44083  3.12
 10.0  -3.0  16.0 35.99721 -120.39835  3.25
 17.0  -3.0  16.0 36.03775 -120.33885  3.67
 24.0  -3.0  16.0 36.07830 -120.27932  3.87
 27.0  -3.0  16.0 36.09567 -120.25380  3.77
 30.0  -3.0  16.0 36.11305 -120.22827  3.45
 33.0  -3.0  16.0 36.13042 -120.20274  3.68
 38.0  -3.0  16.0 36.15938 -120.16017  3.75
 45.0  -3.0  16.0 36.19993 -120.10055  3.95
 65.0  -3.0  16.0 36.31577 -119.93004  3.82
-65.0   3.0  16.0 35.60423 -121.07674  3.60
-40.0   3.0  16.0 35.74903 -120.86524  3.54
-25.0   3.0  16.0 35.83591 -120.73816  3.61
-15.0   3.0  16.0 35.89383 -120.65336  3.72
 -8.0   3.0  16.0 35.93437 -120.59397  3.48
 -3.0   3.0  16.0 35.96333 -120.55152  3.32
 -1.0   3.0  16.0 35.97492 -120.53454  3.23
  1.0   3.0  16.0 35.98650 -120.51756  3.07
  5.0   3.0  16.0 36.00967 -120.48358  3.05
 10.0   3.0  16.0 36.03863 -120.44110  3.21
 17.0   3.0  16.0 36.07917 -120.38159  3.62
 24.0   3.0  16.0 36.11971 -120.32206  3.93
 27.0   3.0  16.0 36.13709 -120.29654  3.81
 30.0   3.0  16.0 36.15446 -120.27101  3.46
 33.0   3.0  16.0 36.17184 -120.24547  3.50
 38.0   3.0  16.0 36.20080 -120.20290  3.68
 45.0   3.0  16.0 36.24134 -120.14327  4.20
 65.0   3.0  16.0 36.35718 -119.97275  3.81
-65.0   9.0  16.0 35.64565 -121.11956  3.72
-40.0   9.0  16.0 35.79045 -120.90804  3.68
-25.0   9.0  16.0 35.87733 -120.78095  3.66
-15.0   9.0  16.0 35.93524 -120.69615  3.75
 -8.0   9.0  16.0 35.97579 -120.63675  3.44
 -3.0   9.0  16.0 36.00475 -120.59430  3.40
 -1.0   9.0  16.0 36.01633 -120.57732  3.31
  1.0   9.0  16.0 36.02791 -120.56033  3.14
  5.0   9.0  16.0 36.05108 -120.52635  2.97
 10.0   9.0  16.0 36.08004 -120.48387  3.26
 17.0   9.0  16.0 36.12058 -120.42436  3.86
 24.0   9.0  16.0 36.16113 -120.36482  3.88
 27.0   9.0  16.0 36.17850 -120.33929  3.68
 30.0   9.0  16.0 36.19588 -120.31376  3.41
 33.0   9.0  16.0 36.21325 -120.28822  3.74
 38.0   9.0  16.0 36.24221 -120.24565  3.92
 45.0   9.0  16.0 36.28276 -120.18602  4.01
 65.0   9.0  16.0 36.39860 -120.01548  3.80
-65.0  15.0  16.0 35.68706 -121.16240  3.80
-40.0  15.0  16.0 35.83186 -120.95087  3.65
-25.0  15.0  16.0 35.91874 -120.82377  3.70
-15.0  15.0  16.0 35.97666 -120.73895  3.80
 -8.0  15.0  16.0 36.01720 -120.67955  3.52
 -3.0  15.0  16.0 36.04616 -120.63710  3.43
 -1.0  15.0  16.0 36.05775 -120.62012  3.43
  1.0  15.0  16.0 36.06933 -120.60313  3.21
  5.0  15.0  16.0 36.09250 -120.56915  3.13
 10.0  15.0  16.0 36.12146 -120.52666  3.15
 17.0  15.0  16.0 36.16200 -120.46714  3.70
 24.0  15.0  16.0 36.20254 -120.40760  3.90
 27.0  15.0  16.0 36.21992 -120.38207  3.63
 30.0  15.0  16.0 36.23729 -120.35654  3.55
 33.0  15.0  16.0 36.25467 -120.33100  3.73
 38.0  15.0  16.0 36.28363 -120.28842  3.45
 45.0  15.0  16.0 36.32417 -120.22879  3.51
 65.0  15.0  16.0 36.44001 -120.05823  3.80
-65.0  21.0  16.0 35.72848 -121.20526  3.75
-40.0  21.0  16.0 35.87328 -120.99371  4.13
-25.0  21.0  16.0 35.96016 -120.86660  3.73
-15.0  21.0  16.0 36.01807 -120.78178  3.54
 -8.0  21.0  16.0 36.05862 -120.72238  3.71
 -3.0  21.0  16.0 36.08758 -120.67992  3.53
 -1.0  21.0  16.0 36.09916 -120.66294  3.54
  1.0  21.0  16.0 36.11074 -120.64595  3.22
  5.0  21.0  16.0 36.13391 -120.61196  3.23
 10.0  21.0  16.0 36.16287 -120.56947  3.42
 17.0  21.0  16.0 36.20341 -120.50995  3.67
 24.0  21.0  16.0 36.24396 -120.45040  3.65
 27.0  21.0  16.0 36.26133 -120.42487  3.53
 30.0  21.0  16.0 36.27871 -120.39934  3.42
 33.0  21.0  16.0 36.29608 -120.37380  3.35
 38.0  21.0  16.0 36.32504 -120.33122  3.50
 45.0  21.0  16.0 36.36559 -120.27158  3.58
 65.0  21.0  16.0 36.48143 -120.10101  3.80
-65.0  30.0  16.0 35.79060 -121.26959  3.89
-40.0  30.0  16.0 35.93540 -121.05802  3.90
-25.0  30.0  16.0 36.02228 -120.93090  3.70
-15.0  30.0  16.0 36.08020 -120.84607  3.52
 -8.0  30.0  16.0 36.12074 -120.78665  3.63
 -3.0  30.0  16.0 36.14970 -120.74420  3.43
 -1.0  30.0  16.0 36.16128 -120.72721  3.37
  1.0  30.0  16.0 36.17287 -120.71022  3.33
  5.0  30.0  16.0 36.19603 -120.67623  3.51
 10.0  30.0  16.0 36.22499 -120.63373  3.37
 17.0  30.0  16.0 36.26554 -120.57421  3.48
 24.0  30.0  16.0 36.30608 -120.51465  3.57
 27.0  30.0  16.0 36.32346 -120.48912  3.50
 30.0  30.0  16.0 36.34083 -120.46358  3.70
 33.0  30.0  16.0 36.35821 -120.43804  3.76
 38.0  30.0  16.0 36.38717 -120.39545  3.65
 45.0  30.0  16.0 36.42771 -120.33580  3.83
 65.0  30.0  16.0 36.54355 -120.16522  3.80
-65.0  40.0  16.0 35.85963 -121.34113  3.86
-40.0  40.0  16.0 36.00442 -121.12954  3.69
-25.0  40.0  16.0 36.09130 -121.00240  3.60
-15.0  40.0  16.0 36.14922 -120.91756  3.47
 -8.0  40.0  16.0 36.18977 -120.85814  3.51
 -3.0  40.0  16.0 36.21872 -120.81567  3.44
 -1.0  40.0  16.0 36.23031 -120.79868  3.42
  1.0  40.0  16.0 36.24189 -120.78169  3.57
  5.0  40.0  16.0 36.26506 -120.74770  3.57
 10.0  40.0  16.0 36.29402 -120.70519  3.47
 17.0  40.0  16.0 36.33456 -120.64566  3.68
 24.0  40.0  16.0 36.37511 -120.58610  3.64
 27.0  40.0  16.0 36.39248 -120.56056  3.60
 30.0  40.0  16.0 36.40986 -120.53502  3.63
 33.0  40.0  16.0 36.42723 -120.50947  3.69
 38.0  40.0  16.0 36.45619 -120.46688  3.72
 45.0  40.0  16.0 36.49674 -120.40723  3.82
 65.0  40.0  16.0 36.61257 -120.23662  3.80
-65.0  50.0  16.0 35.92865 -121.41274  3.84
-40.0  50.0  16.0 36.07345 -121.20112  3.35
-25.0  50.0  16.0 36.16033 -121.07396  3.46
-15.0  50.0  16.0 36.21825 -120.98911  3.54
 -8.0  50.0  16.0 36.25879 -120.92968  3.54
 -3.0  50.0  16.0 36.28775 -120.88721  3.62
 -1.0  50.0  16.0 36.29933 -120.87022  3.64
  1.0  50.0  16.0 36.31092 -120.85322  3.58
  5.0  50.0  16.0 36.33408 -120.81923  3.50
 10.0  50.0  16.0 36.36304 -120.77672  3.39
 17.0  50.0  16.0 36.40359 -120.71718  3.73
 24.0  50.0  16.0 36.44413 -120.65761  3.88
 27.0  50.0  16.0 36.46151 -120.63207  3.85
 30.0  50.0  16.0 36.47888 -120.60652  3.84
 33.0  50.0  16.0 36.49626 -120.58097  3.84
 38.0  50.0  16.0 36.52522 -120.53838  3.83
 45.0  50.0  16.0 36.56576 -120.47871  3.82
 65.0  50.0  16.0 36.68160 -120.30808  3.80
-65.0 -70.0  22.0 35.10035 -120.55757  4.22
-40.0 -70.0  22.0 35.24515 -120.34627  4.11
-25.0 -70.0  22.0 35.33203 -120.21930  4.14
-15.0 -70.0  22.0 35.38995 -120.13458  4.17
 -8.0 -70.0  22.0 35.43049 -120.07524  4.17
 -3.0 -70.0  22.0 35.45945 -120.03284  3.94
 -1.0 -70.0  22.0 35.47103 -120.01587  3.95
  1.0 -70.0  22.0 35.48262 -119.99890  4.14
  5.0 -70.0  22.0 35.50578 -119.96496  4.17
 10.0 -70.0  22.0 35.53474 -119.92252  4.17
 17.0 -70.0  22.0 35.57529 -119.86307  4.17
 24.0 -70.0  22.0 35.61583 -119.80359  4.17
 27.0 -70.0  22.0 35.63321 -119.77809  4.17
 30.0 -70.0  22.0 35.65058 -119.75259  4.17
 33.0 -70.0  22.0 35.66796 -119.72708  4.17
 38.0 -70.0  22.0 35.69692 -119.68455  4.17
 45.0 -70.0  22.0 35.73746 -119.62498  4.17
 65.0 -70.0  22.0 35.85330 -119.45462  4.17
-65.0 -50.0  22.0 35.23840 -120.69949  4.16
-40.0 -50.0  22.0 35.38320 -120.48813  4.59
-25.0 -50.0  22.0 35.47008 -120.36113  4.55
-15.0 -50.0  22.0 35.52800 -120.27639  4.34
 -8.0 -50.0  22.0 35.56854 -120.21703  4.16
 -3.0 -50.0  22.0 35.59750 -120.17462  3.96
 -1.0 -50.0  22.0 35.60908 -120.15765  3.87
  1.0 -50.0  22.0 35.62067 -120.14068  3.92
  5.0 -50.0  22.0 35.64383 -120.10672  4.07
 10.0 -50.0  22.0 35.67279 -120.06427  4.06
 17.0 -50.0  22.0 35.71334 -120.00481  4.10
 24.0 -50.0  22.0 35.75388 -119.94531  4.14
 27.0 -50.0  22.0 35.77126 -119.91981  4.07
 30.0 -50.0  22.0 35.78863 -119.89429  4.03
 33.0 -50.0  22.0 35.80601 -119.86878  4.00
 38.0 -50.0  22.0 35.83497 -119.82624  3.99
 45.0 -50.0  22.0 35.87551 -119.76665  4.17
 65.0 -50.0  22.0 35.99135 -119.59625  4.17
-65.0 -40.0  22.0 35.30743 -120.77054  4.26
-40.0 -40.0  22.0 35.45222 -120.55915  4.38
-25.0 -40.0  22.0 35.53910 -120.43214  4.33
-15.0 -40.0  22.0 35.59702 -120.34738  4.07
 -8.0 -40.0  22.0 35.63756 -120.28802  3.95
 -3.0 -40.0  22.0 35.66652 -120.24560  3.98
 -1.0 -40.0  22.0 35.67811 -120.22863  3.87
  1.0 -40.0  22.0 35.68969 -120.21165  3.92
  5.0 -40.0  22.0 35.71286 -120.17770  4.03
 10.0 -40.0  22.0 35.74182 -120.13524  4.04
 17.0 -40.0  22.0 35.78236 -120.07577  4.11
 24.0 -40.0  22.0 35.82291 -120.01627  4.08
 27.0 -40.0  22.0 35.84028 -119.99076  4.07
 30.0 -40.0  22.0 35.85766 -119.96524  4.02
 33.0 -40.0  22.0 35.87503 -119.93972  4.21
 38.0 -40.0  22.0 35.90399 -119.89717  4.17
 45.0 -40.0  22.0 35.94453 -119.83758  4.17
 65.0 -40.0  22.0 36.06037 -119.66715  4.17
-65.0 -30.0  22.0 35.37645 -120.84165  4.13
-40.0 -30.0  22.0 35.52125 -120.63023  3.90
-25.0 -30.0  22.0 35.60813 -120.50320  3.94
-15.0 -30.0  22.0 35.66605 -120.41844  4.03
 -8.0 -30.0  22.0 35.70659 -120.35907  3.92
 -3.0 -30.0  22.0 35.73555 -120.31664  3.91
 -1.0 -30.0  22.0 35.74713 -120.29967  3.92
  1.0 -30.0  22.0 35.75872 -120.28269  3.79
  5.0 -30.0  22.0 35.78188 -120.24873  3.89
 10.0 -30.0  22.0 35.81084 -120.20627  3.90
 17.0 -30.0  22.0 35.85139 -120.14679  3.97
 24.0 -30.0  22.0 35.89193 -120.08728  4.13
 27.0 -30.0  22.0 35.90931 -120.06177  4.27
 30.0 -30.0  22.0 35.92668 -120.03625  4.22
 33.0 -30.0  22.0 35.94406 -120.01072  4.29
 38.0 -30.0  22.0 35.97302 -119.96817  4.27
 45.0 -30.0  22.0 36.01356 -119.90857  4.26
 65.0 -30.0  22.0 36.12940 -119.73812  4.17
-65.0 -21.0  22.0 35.43857 -120.90570  4.03
-40.0 -21.0  22.0 35.58337 -120.69426  4.01
-25.0 -21.0  22.0 35.67025 -120.56722  4.11
-15.0 -21.0  22.0 35.72817 -120.48244  4.16
 -8.0 -21.0  22.0 35.76871 -120.42307  4.01
 -3.0 -21.0  22.0 35.79767 -120.38064  4.03
 -1.0 -21.0  22.0 35.80926 -120.36366  4.09
  1.0 -21.0  22.0 35.82084 -120.34668  4.03
  5.0 -21.0  22.0 35.84401 -120.31271  3.74
 10.0 -21.0  22.0 35.87297 -120.27024  3.80
 17.0 -21.0  22.0 35.91351 -120.21076  4.13
 24.0 -21.0  22.0 35.95405 -120.15124  4.07
 27.0 -21.0  22.0 35.97143 -120.12573  4.30
 30.0 -21.0  22.0 35.98880 -120.10021  4.26
 33.0 -21.0  22.0 36.00618 -120.07468  4.29
 38.0 -21.0  22.0 36.03514 -120.03212  4.26
 45.0 -21.0  22.0 36.07568 -119.97251  4.20
 65.0 -21.0  22.0 36.19152 -119.80204  4.17
-65.0 -15.0  22.0 35.47999 -120.94842  4.12
-40.0 -15.0  22.0 35.62479 -120.73697  4.11
-25.0 -15.0  22.0 35.71167 -120.60992  4.11
-15.0 -15.0  22.0 35.76958 -120.52514  4.04
 -8.0 -15.0  22.0 35.81013 -120.46576  3.97
 -3.0 -15.0  22.0 35.83909 -120.42332  3.99
 -1.0 -15.0  22.0 35.85067 -120.40635  4.00
  1.0 -15.0  22.0 35.86225 -120.38937  3.98
  5.0 -15.0  22.0 35.88542 -120.35540  3.76
 10.0 -15.0  22.0 35.91438 -120.31292  3.81
 17.0 -15.0  22.0 35.95492 -120.25343  3.98
 24.0 -15.0  22.0 35.99547 -120.19391  4.18
 27.0 -15.0  22.0 36.01284 -120.16840  4.36
 30.0 -15.0  22.0 36.03022 -120.14287  4.22
 33.0 -15.0  22.0 36.04759 -120.11734  4.23
 38.0 -15.0  22.0 36.07655 -120.07478  4.20
 45.0 -15.0  22.0 36.11710 -120.01517  4.17
 65.0 -15.0  22.0 36.23294 -119.84468  4.17
-65.0  -9.0  22.0 35.52140 -120.99118  4.15
-40.0  -9.0  22.0 35.66620 -120.77971  3.98
-25.0  -9.0  22.0 35.75308 -120.65264  3.89
-15.0  -9.0  22.0 35.81100 -120.56786  3.85
 -8.0  -9.0  22.0 35.85154 -120.50847  3.80
 -3.0  -9.0  22.0 35.88050 -120.46604  3.83
 -1.0  -9.0  22.0 35.89209 -120.44906  3.91
  1.0  -9.0  22.0 35.90367 -120.43207  3.75
  5.0  -9.0  22.0 35.92684 -120.39810  3.48
 10.0  -9.0  22.0 35.95580 -120.35563  3.73
 17.0  -9.0  22.0 35.99634 -120.29613  4.22
 24.0  -9.0  22.0 36.03688 -120.23661  4.37
 27.0  -9.0  22.0 36.05426 -120.21109  4.45
 30.0  -9.0  22.0 36.07163 -120.18556  4.16
 33.0  -9.0  22.0 36.08901 -120.16003  4.20
 38.0  -9.0  22.0 36.11797 -120.11747  4.17
 45.0  -9.0  22.0 36.15851 -120.05785  4.17
 65.0  -9.0  22.0 36.27435 -119.88735  4.17
-65.0  -3.0  22.0 35.56282 -121.03395  4.16
-40.0  -3.0  22.0 35.70762 -120.82246  3.82
-25.0  -3.0  22.0 35.79450 -120.69539  3.77
-15.0  -3.0  22.0 35.85241 -120.61060  3.80
 -8.0  -3.0  22.0 35.89296 -120.55121  3.73
 -3.0  -3.0  22.0 35.92192 -120.50877  3.79
 -1.0  -3.0  22.0 35.93350 -120.49179  3.82
  1.0  -3.0  22.0 35.94508 -120.47480  3.74
  5.0  -3.0  22.0 35.96825 -120.44083  3.65
 10.0  -3.0  22.0 35.99721 -120.39835  3.80
 17.0  -3.0  22.0 36.03775 -120.33885  4.20
 24.0  -3.0  22.0 36.07830 -120.27932  4.45
 27.0  -3.0  22.0 36.09567 -120.25380  4.45
 30.0  -3.0  22.0 36.11305 -120.22827  4.22
 33.0  -3.0  22.0 36.13042 -120.20274  4.17
 38.0  -3.0  22.0 36.15938 -120.16017  4.17
 45.0  -3.0  22.0 36.19993 -120.10055  4.17
 65.0  -3.0  22.0 36.31577 -119.93004  4.17
-65.0   3.0  22.0 35.60423 -121.07674  4.20
-40.0   3.0  22.0 35.74903 -120.86524  3.93
-25.0   3.0  22.0 35.83591 -120.73816  3.77
-15.0   3.0  22.0 35.89383 -120.65336  3.72
 -8.0   3.0  22.0 35.93437 -120.59397  3.76
 -3.0   3.0  22.0 35.96333 -120.55152  3.76
 -1.0   3.0  22.0 35.97492 -120.53454  3.72
  1.0   3.0  22.0 35.98650 -120.51756  3.73
  5.0   3.0  22.0 36.00967 -120.48358  3.93
 10.0   3.0  22.0 36.03863 -120.44110  4.00
 17.0   3.0  22.0 36.07917 -120.38159  4.26
 24.0   3.0  22.0 36.11971 -120.32206  4.44
 27.0   3.0  22.0 36.13709 -120.29654  4.50
 30.0   3.0  22.0 36.15446 -120.27101  4.17
 33.0   3.0  22.0 36.17184 -120.24547  4.17
 38.0   3.0  22.0 36.20080 -120.20290  4.17
 45.0   3.0  22.0 36.24134 -120.14327  4.17
 65.0   3.0  22.0 36.35718 -119.97275  4.17
-65.0   9.0  22.0 35.64565 -121.11956  4.22
-40.0   9.0  22.0 35.79045 -120.90804  3.82
-25.0   9.0  22.0 35.87733 -120.78095  3.75
-15.0   9.0  22.0 35.93524 -120.69615  3.73
 -8.0   9.0  22.0 35.97579 -120.63675  3.84
 -3.0   9.0  22.0 36.00475 -120.59430  3.81
 -1.0   9.0  22.0 36.01633 -120.57732  3.73
  1.0   9.0  22.0 36.02791 -120.56033  3.72
  5.0   9.0  22.0 36.05108 -120.52635  3.73
 10.0   9.0  22.0 36.08004 -120.48387  3.76
 17.0   9.0  22.0 36.12058 -120.42436  3.94
 24.0   9.0  22.0 36.16113 -120.36482  4.05
 27.0   9.0  22.0 36.17850 -120.33929  4.32
 30.0   9.0  22.0 36.19588 -120.31376  4.13
 33.0   9.0  22.0 36.21325 -120.28822  4.17
 38.0   9.0  22.0 36.24221 -120.24565  4.17
 45.0   9.0  22.0 36.28276 -120.18602  4.17
 65.0   9.0  22.0 36.39860 -120.01548  4.17
-65.0  15.0  22.0 35.68706 -121.16240  4.17
-40.0  15.0  22.0 35.83186 -120.95087  4.02
-25.0  15.0  22.0 35.91874 -120.82377  3.93
-15.0  15.0  22.0 35.97666 -120.73895  3.94
 -8.0  15.0  22.0 36.01720 -120.67955  3.96
 -3.0  15.0  22.0 36.04616 -120.63710  3.84
 -1.0  15.0  22.0 36.05775 -120.62012  3.73
  1.0  15.0  22.0 36.06933 -120.60313  3.70
  5.0  15.0  22.0 36.09250 -120.56915  3.71
 10.0  15.0  22.0 36.12146 -120.52666  3.72
 17.0  15.0  22.0 36.16200 -120.46714  3.84
 24.0  15.0  22.0 36.20254 -120.40760  3.90
 27.0  15.0  22.0 36.21992 -120.38207  4.11
 30.0  15.0  22.0 36.23729 -120.35654  4.10
 33.0  15.0  22.0 36.25467 -120.33100  4.16
 38.0  15.0  22.0 36.28363 -120.28842  4.17
 45.0  15.0  22.0 36.32417 -120.22879  4.17
 65.0  15.0  22.0 36.44001 -120.05823  4.17
-65.0  21.0  22.0 35.72848 -121.20526  4.17
-40.0  21.0  22.0 35.87328 -120.99371  4.38
-25.0  21.0  22.0 35.96016 -120.86660  4.06
-15.0  21.0  22.0 36.01807 -120.78178  3.90
 -8.0  21.0  22.0 36.05862 -120.72238  3.73
 -3.0  21.0  22.0 36.08758 -120.67992  3.64
 -1.0  21.0  22.0 36.09916 -120.66294  3.70
  1.0  21.0  22.0 36.11074 -120.64595  3.43
  5.0  21.0  22.0 36.13391 -120.61196  3.49
 10.0  21.0  22.0 36.16287 -120.56947  3.69
 17.0  21.0  22.0 36.20341 -120.50995  3.82
 24.0  21.0  22.0 36.24396 -120.45040  4.09
 27.0  21.0  22.0 36.26133 -120.42487  4.04
 30.0  21.0  22.0 36.27871 -120.39934  4.07
 33.0  21.0  22.0 36.29608 -120.37380  4.07
 38.0  21.0  22.0 36.32504 -120.33122  4.17
 45.0  21.0  22.0 36.36559 -120.27158  4.17
 65.0  21.0  22.0 36.48143 -120.10101  4.17
-65.0  30.0  22.0 35.79060 -121.26959  4.17
-40.0  30.0  22.0 35.93540 -121.05802  4.11
-25.0  30.0  22.0 36.02228 -120.93090  3.86
-15.0  30.0  22.0 36.08020 -120.84607  3.74
 -8.0  30.0  22.0 36.12074 -120.78665  3.70
 -3.0  30.0  22.0 36.14970 -120.74420  3.71
 -1.0  30.0  22.0 36.16128 -120.72721  3.72
  1.0  30.0  22.0 36.17287 -120.71022  3.66
  5.0  30.0  22.0 36.19603 -120.67623  3.70
 10.0  30.0  22.0 36.22499 -120.63373  3.77
 17.0  30.0  22.0 36.26554 -120.57421  3.97
 24.0  30.0  22.0 36.30608 -120.51465  4.01
 27.0  30.0  22.0 36.32346 -120.48912  3.99
 30.0  30.0  22.0 36.34083 -120.46358  4.02
 33.0  30.0  22.0 36.35821 -120.43804  4.19
 38.0  30.0  22.0 36.38717 -120.39545  4.17
 45.0  30.0  22.0 36.42771 -120.33580  4.17
 65.0  30.0  22.0 36.54355 -120.16522  4.17
-65.0  40.0  22.0 35.85963 -121.34113  4.17
-40.0  40.0  22.0 36.00442 -121.12954  3.97
-25.0  40.0  22.0 36.09130 -121.00240  3.87
-15.0  40.0  22.0 36.14922 -120.91756  3.79
 -8.0  40.0  22.0 36.18977 -120.85814  3.87
 -3.0  40.0  22.0 36.21872 -120.81567  3.83
 -1.0  40.0  22.0 36.23031 -120.79868  3.79
  1.0  40.0  22.0 36.24189 -120.78169  3.79
  5.0  40.0  22.0 36.26506 -120.74770  3.86
 10.0  40.0  22.0 36.29402 -120.70519  3.89
 17.0  40.0  22.0 36.33456 -120.64566  4.14
 24.0  40.0  22.0 36.37511 -120.58610  4.17
 27.0  40.0  22.0 36.39248 -120.56056  4.17
 30.0  40.0  22.0 36.40986 -120.53502  4.17
 33.0  40.0  22.0 36.42723 -120.50947  4.17
 38.0  40.0  22.0 36.45619 -120.46688  4.17
 45.0  40.0  22.0 36.49674 -120.40723  4.17
 65.0  40.0  22.0 36.61257 -120.23662  4.17
-65.0  50.0  22.0 35.92865 -121.41274  4.17
-40.0  50.0  22.0 36.07345 -121.20112  3.82
-25.0  50.0  22.0 36.16033 -121.07396  3.79
-15.0  50.0  22.0 36.21825 -120.98911  3.76
 -8.0  50.0  22.0 36.25879 -120.92968  4.17
 -3.0  50.0  22.0 36.28775 -120.88721  4.17
 -1.0  50.0  22.0 36.29933 -120.87022  3.90
  1.0  50.0  22.0 36.31092 -120.85322  3.88
  5.0  50.0  22.0 36.33408 -120.81923  4.17
 10.0  50.0  22.0 36.36304 -120.77672  4.17
 17.0  50.0  22.0 36.40359 -120.71718  4.17
 24.0  50.0  22.0 36.44413 -120.65761  4.17
 27.0  50.0  22.0 36.46151 -120.63207  4.17
 30.0  50.0  22.0 36.47888 -120.60652  4.17
 33.0  50.0  22.0 36.49626 -120.58097  4.17
 38.0  50.0  22.0 36.52522 -120.53838  4.17
 45.0  50.0  22.0 36.56576 -120.47871  4.17
 65.0  50.0  22.0 36.68160 -120.30808  4.17
-65.0 -70.0  28.0 35.10035 -120.55757  4.19
-40.0 -70.0  28.0 35.24515 -120.34627  4.19
-25.0 -70.0  28.0 35.33203 -120.21930  4.19
-15.0 -70.0  28.0 35.38995 -120.13458  4.19
 -8.0 -70.0  28.0 35.43049 -120.07524  4.20
 -3.0 -70.0  28.0 35.45945 -120.03284  3.94
 -1.0 -70.0  28.0 35.47103 -120.01587  3.86
  1.0 -70.0  28.0 35.48262 -119.99890  3.96
  5.0 -70.0  28.0 35.50578 -119.96496  4.19
 10.0 -70.0  28.0 35.53474 -119.92252  4.19
 17.0 -70.0  28.0 35.57529 -119.86307  4.19
 24.0 -70.0  28.0 35.61583 -119.80359  4.19
 27.0 -70.0  28.0 35.63321 -119.77809  4.19
 30.0 -70.0  28.0 35.65058 -119.75259  4.19
 33.0 -70.0  28.0 35.66796 -119.72708  4.19
 38.0 -70.0  28.0 35.69692 -119.68455  4.19
 45.0 -70.0  28.0 35.73746 -119.62498  4.19
 65.0 -70.0  28.0 35.85330 -119.45462  4.19
-65.0 -50.0  28.0 35.23840 -120.69949  4.21
-40.0 -50.0  28.0 35.38320 -120.48813  4.31
-25.0 -50.0  28.0 35.47008 -120.36113  4.10
-15.0 -50.0  28.0 35.52800 -120.27639  3.84
 -8.0 -50.0  28.0 35.56854 -120.21703  4.00
 -3.0 -50.0  28.0 35.59750 -120.17462  3.91
 -1.0 -50.0  28.0 35.60908 -120.15765  3.82
  1.0 -50.0  28.0 35.62067 -120.14068  3.81
  5.0 -50.0  28.0 35.64383 -120.10672  3.92
 10.0 -50.0  28.0 35.67279 -120.06427  4.02
 17.0 -50.0  28.0 35.71334 -120.00481  4.03
 24.0 -50.0  28.0 35.75388 -119.94531  4.07
 27.0 -50.0  28.0 35.77126 -119.91981  4.07
 30.0 -50.0  28.0 35.78863 -119.89429  4.05
 33.0 -50.0  28.0 35.80601 -119.86878  4.22
 38.0 -50.0  28.0 35.83497 -119.82624  4.24
 45.0 -50.0  28.0 35.87551 -119.76665  4.24
 65.0 -50.0  28.0 35.99135 -119.59625  4.19
-65.0 -40.0  28.0 35.30743 -120.77054  4.20
-40.0 -40.0  28.0 35.45222 -120.55915  4.20
-25.0 -40.0  28.0 35.53910 -120.43214  4.12
-15.0 -40.0  28.0 35.59702 -120.34738  3.91
 -8.0 -40.0  28.0 35.63756 -120.28802  3.90
 -3.0 -40.0  28.0 35.66652 -120.24560  3.96
 -1.0 -40.0  28.0 35.67811 -120.22863  3.97
  1.0 -40.0  28.0 35.68969 -120.21165  3.88
  5.0 -40.0  28.0 35.71286 -120.17770  3.95
 10.0 -40.0  28.0 35.74182 -120.13524  4.13
 17.0 -40.0  28.0 35.78236 -120.07577  4.12
 24.0 -40.0  28.0 35.82291 -120.01627  4.06
 27.0 -40.0  28.0 35.84028 -119.99076  4.02
 30.0 -40.0  28.0 35.85766 -119.96524  4.17
 33.0 -40.0  28.0 35.87503 -119.93972  4.22
 38.0 -40.0  28.0 35.90399 -119.89717  4.26
 45.0 -40.0  28.0 35.94453 -119.83758  4.19
 65.0 -40.0  28.0 36.06037 -119.66715  4.19
-65.0 -30.0  28.0 35.37645 -120.84165  4.19
-40.0 -30.0  28.0 35.52125 -120.63023  4.01
-25.0 -30.0  28.0 35.60813 -120.50320  4.09
-15.0 -30.0  28.0 35.66605 -120.41844  4.15
 -8.0 -30.0  28.0 35.70659 -120.35907  3.95
 -3.0 -30.0  28.0 35.73555 -120.31664  4.04
 -1.0 -30.0  28.0 35.74713 -120.29967  4.22
  1.0 -30.0  28.0 35.75872 -120.28269  4.02
  5.0 -30.0  28.0 35.78188 -120.24873  4.05
 10.0 -30.0  28.0 35.81084 -120.20627  4.08
 17.0 -30.0  28.0 35.85139 -120.14679  4.08
 24.0 -30.0  28.0 35.89193 -120.08728  4.13
 27.0 -30.0  28.0 35.90931 -120.06177  4.19
 30.0 -30.0  28.0 35.92668 -120.03625  4.22
 33.0 -30.0  28.0 35.94406 -120.01072  4.28
 38.0 -30.0  28.0 35.97302 -119.96817  4.26
 45.0 -30.0  28.0 36.01356 -119.90857  4.27
 65.0 -30.0  28.0 36.12940 -119.73812  4.17
-65.0 -21.0  28.0 35.43857 -120.90570  4.19
-40.0 -21.0  28.0 35.58337 -120.69426  4.15
-25.0 -21.0  28.0 35.67025 -120.56722  4.17
-15.0 -21.0  28.0 35.72817 -120.48244  4.22
 -8.0 -21.0  28.0 35.76871 -120.42307  4.30
 -3.0 -21.0  28.0 35.79767 -120.38064  4.16
 -1.0 -21.0  28.0 35.80926 -120.36366  4.23
  1.0 -21.0  28.0 35.82084 -120.34668  4.06
  5.0 -21.0  28.0 35.84401 -120.31271  3.99
 10.0 -21.0  28.0 35.87297 -120.27024  4.12
 17.0 -21.0  28.0 35.91351 -120.21076  4.26
 24.0 -21.0  28.0 35.95405 -120.15124  4.24
 27.0 -21.0  28.0 35.97143 -120.12573  4.24
 30.0 -21.0  28.0 35.98880 -120.10021  4.24
 33.0 -21.0  28.0 36.00618 -120.07468  4.30
 38.0 -21.0  28.0 36.03514 -120.03212  4.26
 45.0 -21.0  28.0 36.07568 -119.97251  4.21
 65.0 -21.0  28.0 36.19152 -119.80204  4.19
-65.0 -15.0  28.0 35.47999 -120.94842  4.19
-40.0 -15.0  28.0 35.62479 -120.73697  4.19
-25.0 -15.0  28.0 35.71167 -120.60992  4.35
-15.0 -15.0  28.0 35.76958 -120.52514  4.29
 -8.0 -15.0  28.0 35.81013 -120.46576  4.12
 -3.0 -15.0  28.0 35.83909 -120.42332  4.02
 -1.0 -15.0  28.0 35.85067 -120.40635  4.05
  1.0 -15.0  28.0 35.86225 -120.38937  4.08
  5.0 -15.0  28.0 35.88542 -120.35540  4.03
 10.0 -15.0  28.0 35.91438 -120.31292  4.12
 17.0 -15.0  28.0 35.95492 -120.25343  4.21
 24.0 -15.0  28.0 35.99547 -120.19391  4.20
 27.0 -15.0  28.0 36.01284 -120.16840  4.22
 30.0 -15.0  28.0 36.03022 -120.14287  4.30
 33.0 -15.0  28.0 36.04759 -120.11734  4.29
 38.0 -15.0  28.0 36.07655 -120.07478  4.27
 45.0 -15.0  28.0 36.11710 -120.01517  4.19
 65.0 -15.0  28.0 36.23294 -119.84468  4.19
-65.0  -9.0  28.0 35.52140 -120.99118  4.19
-40.0  -9.0  28.0 35.66620 -120.77971  4.21
-25.0  -9.0  28.0 35.75308 -120.65264  4.45
-15.0  -9.0  28.0 35.81100 -120.56786  4.31
 -8.0  -9.0  28.0 35.85154 -120.50847  4.11
 -3.0  -9.0  28.0 35.88050 -120.46604  4.07
 -1.0  -9.0  28.0 35.89209 -120.44906  4.08
  1.0  -9.0  28.0 35.90367 -120.43207  4.07
  5.0  -9.0  28.0 35.92684 -120.39810  4.08
 10.0  -9.0  28.0 35.95580 -120.35563  4.13
 17.0  -9.0  28.0 35.99634 -120.29613  4.19
 24.0  -9.0  28.0 36.03688 -120.23661  4.23
 27.0  -9.0  28.0 36.05426 -120.21109  4.19
 30.0  -9.0  28.0 36.07163 -120.18556  4.19
 33.0  -9.0  28.0 36.08901 -120.16003  4.19
 38.0  -9.0  28.0 36.11797 -120.11747  4.19
 45.0  -9.0  28.0 36.15851 -120.05785  4.19
 65.0  -9.0  28.0 36.27435 -119.88735  4.19
-65.0  -3.0  28.0 35.56282 -121.03395  4.19
-40.0  -3.0  28.0 35.70762 -120.82246  4.05
-25.0  -3.0  28.0 35.79450 -120.69539  4.23
-15.0  -3.0  28.0 35.85241 -120.61060  4.25
 -8.0  -3.0  28.0 35.89296 -120.55121  3.95
 -3.0  -3.0  28.0 35.92192 -120.50877  3.89
 -1.0  -3.0  28.0 35.93350 -120.49179  3.93
  1.0  -3.0  28.0 35.94508 -120.47480  4.00
  5.0  -3.0  28.0 35.96825 -120.44083  4.23
 10.0  -3.0  28.0 35.99721 -120.39835  4.35
 17.0  -3.0  28.0 36.03775 -120.33885  4.48
 24.0  -3.0  28.0 36.07830 -120.27932  4.19
 27.0  -3.0  28.0 36.09567 -120.25380  4.19
 30.0  -3.0  28.0 36.11305 -120.22827  4.19
 33.0  -3.0  28.0 36.13042 -120.20274  4.19
 38.0  -3.0  28.0 36.15938 -120.16017  4.19
 45.0  -3.0  28.0 36.19993 -120.10055  4.19
 65.0  -3.0  28.0 36.31577 -119.93004  4.19
-65.0   3.0  28.0 35.60423 -121.07674  4.19
-40.0   3.0  28.0 35.74903 -120.86524  4.05
-25.0   3.0  28.0 35.83591 -120.73816  4.11
-15.0   3.0  28.0 35.89383 -120.65336  4.26
 -8.0   3.0  28.0 35.93437 -120.59397  4.21
 -3.0   3.0  28.0 35.96333 -120.55152  4.18
 -1.0   3.0  28.0 35.97492 -120.53454  4.10
  1.0   3.0  28.0 35.98650 -120.51756  4.09
  5.0   3.0  28.0 36.00967 -120.48358  4.18
 10.0   3.0  28.0 36.03863 -120.44110  4.35
 17.0   3.0  28.0 36.07917 -120.38159  4.37
 24.0   3.0  28.0 36.11971 -120.32206  4.19
 27.0   3.0  28.0 36.13709 -120.29654  4.19
 30.0   3.0  28.0 36.15446 -120.27101  4.19
 33.0   3.0  28.0 36.17184 -120.24547  4.19
 38.0   3.0  28.0 36.20080 -120.20290  4.19
 45.0   3.0  28.0 36.24134 -120.14327  4.19
 65.0   3.0  28.0 36.35718 -119.97275  4.19
-65.0   9.0  28.0 35.64565 -121.11956  4.19
-40.0   9.0  28.0 35.79045 -120.90804  4.04
-25.0   9.0  28.0 35.87733 -120.78095  4.05
-15.0   9.0  28.0 35.93524 -120.69615  4.20
 -8.0   9.0  28.0 35.97579 -120.63675  4.35
 -3.0   9.0  28.0 36.00475 -120.59430  4.30
 -1.0   9.0  28.0 36.01633 -120.57732  4.14
  1.0   9.0  28.0 36.02791 -120.56033  4.16
  5.0   9.0  28.0 36.05108 -120.52635  4.19
 10.0   9.0  28.0 36.08004 -120.48387  4.34
 17.0   9.0  28.0 36.12058 -120.42436  4.33
 24.0   9.0  28.0 36.16113 -120.36482  4.19
 27.0   9.0  28.0 36.17850 -120.33929  4.19
 30.0   9.0  28.0 36.19588 -120.31376  4.19
 33.0   9.0  28.0 36.21325 -120.28822  4.19
 38.0   9.0  28.0 36.24221 -120.24565  4.19
 45.0   9.0  28.0 36.28276 -120.18602  4.19
 65.0   9.0  28.0 36.39860 -120.01548  4.19
-65.0  15.0  28.0 35.68706 -121.16240  4.19
-40.0  15.0  28.0 35.83186 -120.95087  4.17
-25.0  15.0  28.0 35.91874 -120.82377  4.08
-15.0  15.0  28.0 35.97666 -120.73895  4.23
 -8.0  15.0  28.0 36.01720 -120.67955  4.35
 -3.0  15.0  28.0 36.04616 -120.63710  4.16
 -1.0  15.0  28.0 36.05775 -120.62012  4.14
  1.0  15.0  28.0 36.06933 -120.60313  4.11
  5.0  15.0  28.0 36.09250 -120.56915  4.19
 10.0  15.0  28.0 36.12146 -120.52666  4.25
 17.0  15.0  28.0 36.16200 -120.46714  4.21
 24.0  15.0  28.0 36.20254 -120.40760  4.19
 27.0  15.0  28.0 36.21992 -120.38207  4.19
 30.0  15.0  28.0 36.23729 -120.35654  4.19
 33.0  15.0  28.0 36.25467 -120.33100  4.19
 38.0  15.0  28.0 36.28363 -120.28842  4.19
 45.0  15.0  28.0 36.32417 -120.22879  4.19
 65.0  15.0  28.0 36.44001 -120.05823  4.19
-65.0  21.0  28.0 35.72848 -121.20526  4.19
-40.0  21.0  28.0 35.87328 -120.99371  4.13
-25.0  21.0  28.0 35.96016 -120.86660  4.06
-15.0  21.0  28.0 36.01807 -120.78178  4.14
 -8.0  21.0  28.0 36.05862 -120.72238  4.13
 -3.0  21.0  28.0 36.08758 -120.67992  4.17
 -1.0  21.0  28.0 36.09916 -120.66294  3.98
  1.0  21.0  28.0 36.11074 -120.64595  3.91
  5.0  21.0  28.0 36.13391 -120.61196  3.94
 10.0  21.0  28.0 36.16287 -120.56947  3.99
 17.0  21.0  28.0 36.20341 -120.50995  4.08
 24.0  21.0  28.0 36.24396 -120.45040  4.19
 27.0  21.0  28.0 36.26133 -120.42487  4.19
 30.0  21.0  28.0 36.27871 -120.39934  4.19
 33.0  21.0  28.0 36.29608 -120.37380  4.19
 38.0  21.0  28.0 36.32504 -120.33122  4.19
 45.0  21.0  28.0 36.36559 -120.27158  4.19
 65.0  21.0  28.0 36.48143 -120.10101  4.19
-65.0  30.0  28.0 35.79060 -121.26959  4.19
-40.0  30.0  28.0 35.93540 -121.05802  4.09
-25.0  30.0  28.0 36.02228 -120.93090  4.11
-15.0  30.0  28.0 36.08020 -120.84607  4.06
 -8.0  30.0  28.0 36.12074 -120.78665  4.03
 -3.0  30.0  28.0 36.14970 -120.74420  4.09
 -1.0  30.0  28.0 36.16128 -120.72721  3.95
  1.0  30.0  28.0 36.17287 -120.71022  3.91
  5.0  30.0  28.0 36.19603 -120.67623  4.17
 10.0  30.0  28.0 36.22499 -120.63373  4.19
 17.0  30.0  28.0 36.26554 -120.57421  4.19
 24.0  30.0  28.0 36.30608 -120.51465  4.19
 27.0  30.0  28.0 36.32346 -120.48912  4.19
 30.0  30.0  28.0 36.34083 -120.46358  4.19
 33.0  30.0  28.0 36.35821 -120.43804  4.19
 38.0  30.0  28.0 36.38717 -120.39545  4.19
 45.0  30.0  28.0 36.42771 -120.33580  4.19
 65.0  30.0  28.0 36.54355 -120.16522  4.19
-65.0  40.0  28.0 35.85963 -121.34113  4.19
-40.0  40.0  28.0 36.00442 -121.12954  4.14
-25.0  40.0  28.0 36.09130 -121.00240  4.20
-15.0  40.0  28.0 36.14922 -120.91756  4.23
 -8.0  40.0  28.0 36.18977 -120.85814  4.04
 -3.0  40.0  28.0 36.21872 -120.81567  3.99
 -1.0  40.0  28.0 36.23031 -120.79868  3.94
  1.0  40.0  28.0 36.24189 -120.78169  3.95
  5.0  40.0  28.0 36.26506 -120.74770  4.10
 10.0  40.0  28.0 36.29402 -120.70519  4.19
 17.0  40.0  28.0 36.33456 -120.64566  4.19
 24.0  40.0  28.0 36.37511 -120.58610  4.19
 27.0  40.0  28.0 36.39248 -120.56056  4.19
 30.0  40.0  28.0 36.40986 -120.53502  4.19
 33.0  40.0  28.0 36.42723 -120.50947  4.19
 38.0  40.0  28.0 36.45619 -120.46688  4.19
 45.0  40.0  28.0 36.49674 -120.40723  4.19
 65.0  40.0  28.0 36.61257 -120.23662  4.19
-65.0  50.0  28.0 35.92865 -121.41274  4.19
-40.0  50.0  28.0 36.07345 -121.20112  4.19
-25.0  50.0  28.0 36.16033 -121.07396  4.29
-15.0  50.0  28.0 36.21825 -120.98911  4.35
 -8.0  50.0  28.0 36.25879 -120.92968  4.19
 -3.0  50.0  28.0 36.28775 -120.88721  4.19
 -1.0  50.0  28.0 36.29933 -120.87022  4.08
  1.0  50.0  28.0 36.31092 -120.85322  3.95
  5.0  50.0  28.0 36.33408 -120.81923  4.23
 10.0  50.0  28.0 36.36304 -120.77672  4.19
 17.0  50.0  28.0 36.40359 -120.71718  4.19
 24.0  50.0  28.0 36.44413 -120.65761  4.19
 27.0  50.0  28.0 36.46151 -120.63207  4.19
 30.0  50.0  28.0 36.47888 -120.60652  4.19
 33.0  50.0  28.0 36.49626 -120.58097  4.19
 38.0  50.0  28.0 36.52522 -120.53838  4.19
 45.0  50.0  28.0 36.56576 -120.47871  4.19
 65.0  50.0  28.0 36.68160 -120.30808  4.19
